grade,tier,n,bias,w_own,w_anchor,w_last,err_model,err_last_sale,band_q10,band_q90,decision_grade
8,liq,1262,0.0,0.9,0.0,0.1,0.11906483830088965,0.146087398373984,-0.1824005727933038,0.30004913842413516,True
8,mid,232,0.0,0.5,0.2,0.3,0.1594416882961573,0.18039580138249917,-0.1916755323592123,0.43938436460266916,True
8,new,315,-0.06302141582310128,0.0,0.1,0.9,0.2700303603281049,,-0.5689071121898162,0.6356791423541971,False
8,thin,118,0.0,0.0,0.0,1.0,0.1533836995259616,0.15543278972421487,-0.2485972192617682,0.2971905648445359,True
9,liq,1106,0.0,0.5,0.4,0.1,0.14557818997420152,0.16374554412733033,-0.23157731706397344,0.3511718220010174,True
9,mid,302,0.1066887336160538,0.7,0.3,0.0,0.16969650469374992,0.18405211141060218,-0.20056950600060217,0.4704855783874563,True
9,new,248,0.16827379286340793,0.0,0.1,0.9,0.21016286229792147,,-0.49151070076121217,0.6022694434981604,True
9,thin,76,0.0,0.0,0.0,1.0,0.15944219680870542,0.15944219680870542,-0.2811525569883049,0.4462537681839258,True
10,liq,1000,0.0,0.5,0.0,0.5,0.1860950577465601,0.19365745267360435,-0.2651418120477313,0.5063039601725385,True
10,mid,182,0.0,0.1,0.1,0.8,0.23985360692490898,0.27558579119426146,-0.22922320319794665,0.8605512248079323,True
10,new,16,0.0,1.0,0.0,0.0,,,,,False
10,thin,76,0.0,0.1,0.0,0.9,0.40802470558114434,0.5925986666666666,-0.26989939875643465,1.1453957713971175,False
