card_id,set,number,card,edition,grade,fair_value,band_low,max_buy_eu,max_buy_us_vat,last_sale,last_sale_date,decision_grade,liquidity,model_error,type,strength,why
Team Rocket|5|Dark Dragonite|unl|EN,Team Rocket,5,Dark Dragonite,unl,10,10198.160315475881,8109.077714068294,5946.656990316749,4914.592553980785,7600.0,2026-05-11,True,mid,0.23985360692490898,STALE IN A RISING SEGMENT,0.4372546941756137,"Its segment is up 44% in 3 months, but this card-grade last sold 143 days ago. Sellers may still price off old comps."
Neo Revelation|12|Porygon2|1st|EN,Neo Revelation,12,Porygon2,1st,8,158.62269584516736,132.17513550792108,96.9284327058088,80.1061427320734,125.0,2026-07-06,True,liq,0.11906483830088965,LAGGING GRADE,0.4366161305224656,Linked grades/editions imply 233 vs own sales 162 (+44%). This grade has not caught up with its anchors.
Neo Revelation|5|Delibird|1st|EN,Neo Revelation,5,Delibird,1st,8,144.4154870640622,120.33673031737462,88.24693556607473,72.93135170749977,149.36,2026-09-13,True,liq,0.11906483830088965,LAGGING GRADE,0.39689399675657144,Linked grades/editions imply 201 vs own sales 144 (+40%). This grade has not caught up with its anchors.
Team Rocket|9|Dark Hypno|unl|EN,Team Rocket,9,Dark Hypno,unl,10,856.7564691077837,681.2507918200514,499.58391400137106,412.87926776972813,589.0,2026-07-20,True,mid,0.23985360692490898,STALE IN A RISING SEGMENT,0.38810405898830935,"Its segment is up 39% in 3 months, but this card-grade last sold 73 days ago. Sellers may still price off old comps."
Neo Genesis|7|Jumpluff|unl|EN,Neo Genesis,7,Jumpluff,unl,9,50.267095652831266,39.87594994976641,29.24236329649537,24.167242393797828,52.0,2026-09-04,True,liq,0.14557818997420152,LAGGING GRADE,0.3759044494334627,Linked grades/editions imply 60 vs own sales 43 (+38%). This grade has not caught up with its anchors.
Neo Genesis|1|Ampharos|unl|EN,Neo Genesis,1,Ampharos,unl,10,1439.9383509396064,1104.572617627149,810.0199195932427,669.4379500770601,910.0,2026-08-17,True,liq,0.1860950577465601,CHEAP RECENT SALE,0.3680284996880626,"Sold at 910 on 2026-08-17, 37% below fair value 1,440. Copies are clearing cheap: target the next one."
Team Rocket|11|Dark Magneton|1st|EN,Team Rocket,11,Dark Magneton,1st,8,161.5186739300676,134.5882598957028,98.69805725684873,81.568642361032,245.81,2026-09-26,True,liq,0.11906483830088965,LAGGING GRADE,0.34227910797790484,Linked grades/editions imply 207 vs own sales 154 (+34%). This grade has not caught up with its anchors.
Neo Revelation|11|Misdreavus|unl|EN,Neo Revelation,11,Misdreavus,unl,8,99.25440406273464,82.70546807220707,60.650676586285186,50.12452610436792,110.0,2026-07-02,True,liq,0.11906483830088965,LAGGING GRADE,0.3325948926196487,Linked grades/editions imply 130 vs own sales 98 (+33%). This grade has not caught up with its anchors.
Neo Genesis|12|Pichu|unl|EN,Neo Genesis,12,Pichu,unl,9,567.5321277017781,450.2126575090052,330.1559488399372,272.8561560660638,385.0,2026-09-13,True,liq,0.14557818997420152,CHEAP RECENT SALE,0.3216243077567117,"Sold at 385 on 2026-09-13, 32% below fair value 568. Copies are clearing cheap: target the next one."
Neo Genesis|10|Meganium|1st|EN,Neo Genesis,10,Meganium,1st,8,290.7006002868201,242.2313593298765,177.6363301752428,146.80688444234943,200.0,2026-09-26,True,liq,0.11906483830088965,CHEAP RECENT SALE,0.31200692464112634,"Sold at 200 on 2026-09-26, 31% below fair value 291. Copies are clearing cheap: target the next one."
Neo Revelation|12|Porygon2|unl|EN,Neo Revelation,12,Porygon2,unl,9,170.14527986735203,134.97307883148775,98.98025780975769,81.80186595847744,110.0,2026-08-13,True,liq,0.14557818997420152,LAGGING GRADE,0.30661042027479213,Linked grades/editions imply 204 vs own sales 156 (+31%). This grade has not caught up with its anchors.
Neo Genesis|17|Typhlosion|1st|EN,Neo Genesis,17,Typhlosion,1st,10,11291.0994962921,8620.260989342258,6321.524725517656,5224.400599601369,3000.0,2025-10-27,False,thin,0.40802470558114434,LAGGING GRADE,4.52016885762334,"Linked grades/editions imply 62,329 vs own sales 11,291 (+452%). This grade has not caught up with its anchors."
Neo Revelation|2|Blissey|unl|EN,Neo Revelation,2,Blissey,unl,10,704.3965699929585,537.7759956265387,394.36906345946176,325.9248458342659,210.0,2025-11-02,False,thin,0.40802470558114434,LAGGING GRADE,3.626698474011035,"Linked grades/editions imply 3,259 vs own sales 704 (+363%). This grade has not caught up with its anchors."
Neo Genesis|10|Meganium|unl|EN,Neo Genesis,10,Meganium,unl,10,8052.904140709027,6148.040360273425,4508.562930867179,3726.085066832379,915.0,2024-03-26,False,thin,0.40802470558114434,STALE IN A RISING SEGMENT,0.4372546941756137,"Its segment is up 44% in 3 months, but this card-grade last sold 919 days ago. Sellers may still price off old comps."
Neo Genesis|14|Slowking|unl|EN,Neo Genesis,14,Slowking,unl,10,42889.33162287811,32744.130221248288,24012.362162248748,19844.927406817147,6997.0,2025-03-29,False,thin,0.40802470558114434,STALE IN A RISING SEGMENT,0.4372546941756137,"Its segment is up 44% in 3 months, but this card-grade last sold 551 days ago. Sellers may still price off old comps."
Neo Genesis|3|Bellossom|unl|EN,Neo Genesis,3,Bellossom,unl,10,2237.74082004344,1708.417315923384,1252.8393650104817,1035.4044338929602,1659.94,2026-05-03,False,thin,0.40802470558114434,STALE IN A RISING SEGMENT,0.4372546941756137,"Its segment is up 44% in 3 months, but this card-grade last sold 151 days ago. Sellers may still price off old comps."
Neo Genesis|5|Feraligatr|1st|EN,Neo Genesis,5,Feraligatr,1st,10,78110.40289140119,59633.87880229634,43731.51112168399,36141.74472866445,25000.0,2025-12-04,False,thin,0.40802470558114434,STALE IN A RISING SEGMENT,0.4372546941756137,"Its segment is up 44% in 3 months, but this card-grade last sold 301 days ago. Sellers may still price off old comps."
Neo Genesis|5|Feraligatr|unl|EN,Neo Genesis,5,Feraligatr,unl,10,25838.843370007133,19726.827629615917,14466.34026171834,11955.653108858132,8067.0,2025-12-07,False,thin,0.40802470558114434,STALE IN A RISING SEGMENT,0.4372546941756137,"Its segment is up 44% in 3 months, but this card-grade last sold 298 days ago. Sellers may still price off old comps."
Neo Genesis|6|Heracross|unl|EN,Neo Genesis,6,Heracross,unl,10,29608.889733853208,22605.09325901244,16577.06838994246,13700.056520613602,21499.0,2026-05-28,False,thin,0.40802470558114434,STALE IN A RISING SEGMENT,0.4372546941756137,"Its segment is up 44% in 3 months, but this card-grade last sold 126 days ago. Sellers may still price off old comps."
Neo Genesis|7|Jumpluff|unl|EN,Neo Genesis,7,Jumpluff,unl,10,1731.154825098973,1321.661049060181,969.2181026441328,801.0066964001098,456.0,2025-10-20,False,thin,0.40802470558114434,STALE IN A RISING SEGMENT,0.4372546941756137,"Its segment is up 44% in 3 months, but this card-grade last sold 346 days ago. Sellers may still price off old comps."
Neo Revelation|10|Magneton|1st|EN,Neo Revelation,10,Magneton,1st,10,11267.951397771842,8602.588427806762,6308.564847058293,5213.689956246523,2427.69,2025-07-14,False,thin,0.40802470558114434,STALE IN A RISING SEGMENT,0.4372546941756137,"Its segment is up 44% in 3 months, but this card-grade last sold 444 days ago. Sellers may still price off old comps."
Neo Revelation|10|Magneton|unl|EN,Neo Revelation,10,Magneton,unl,10,2852.7973745626464,2177.9861143298003,1597.189817175187,1319.9915844423033,622.0,2025-08-11,False,thin,0.40802470558114434,STALE IN A RISING SEGMENT,0.4372546941756137,"Its segment is up 44% in 3 months, but this card-grade last sold 416 days ago. Sellers may still price off old comps."
Neo Revelation|12|Porygon2|unl|EN,Neo Revelation,12,Porygon2,unl,10,2893.5638703579466,2209.1095521749644,1620.013671594974,1338.8542740454332,2130.0,2026-04-27,False,thin,0.40802470558114434,STALE IN A RISING SEGMENT,0.4372546941756137,"Its segment is up 44% in 3 months, but this card-grade last sold 157 days ago. Sellers may still price off old comps."
Neo Revelation|1|Ampharos|1st|EN,Neo Revelation,1,Ampharos,1st,10,209580.07230447812,160005.22553389118,117337.1653915202,96972.86395993405,95000.0,2026-02-25,False,thin,0.40802470558114434,STALE IN A RISING SEGMENT,0.4372546941756137,"Its segment is up 44% in 3 months, but this card-grade last sold 218 days ago. Sellers may still price off old comps."
Neo Revelation|2|Blissey|1st|EN,Neo Revelation,2,Blissey,1st,10,90753.59325652373,69286.40207703007,50810.02818982206,41991.75883456368,60000.0,2026-03-23,False,thin,0.40802470558114434,STALE IN A RISING SEGMENT,0.4372546941756137,"Its segment is up 44% in 3 months, but this card-grade last sold 192 days ago. Sellers may still price off old comps."
Neo Revelation|7|Ho-oh|unl|EN,Neo Revelation,7,Ho-oh,unl,10,11376.314973440194,8685.319281813168,6369.234139996324,5263.8298677655575,7777.0,2026-06-01,False,thin,0.40802470558114434,STALE IN A RISING SEGMENT,0.4372546941756137,"Its segment is up 44% in 3 months, but this card-grade last sold 122 days ago. Sellers may still price off old comps."
Neo Revelation|9|Jumpluff|unl|EN,Neo Revelation,9,Jumpluff,unl,10,1833.9489319170098,1400.1398570123024,1026.7692284756886,848.5696103104865,1350.0,2026-04-13,False,thin,0.40802470558114434,STALE IN A RISING SEGMENT,0.4372546941756137,"Its segment is up 44% in 3 months, but this card-grade last sold 171 days ago. Sellers may still price off old comps."
Team Rocket|10|Dark Machamp|unl|EN,Team Rocket,10,Dark Machamp,unl,10,4809.295919522229,3671.6872448847544,2692.57064624882,2225.264996899851,3240.0,2026-06-27,False,thin,0.40802470558114434,STALE IN A RISING SEGMENT,0.4372546941756137,"Its segment is up 44% in 3 months, but this card-grade last sold 96 days ago. Sellers may still price off old comps."
Team Rocket|13|Dark Vileplume|unl|EN,Team Rocket,13,Dark Vileplume,unl,10,1860.7819026892184,1420.6256574652868,1041.792148807877,860.9852469486588,1253.6,2026-06-15,False,thin,0.40802470558114434,STALE IN A RISING SEGMENT,0.4372546941756137,"Its segment is up 44% in 3 months, but this card-grade last sold 108 days ago. Sellers may still price off old comps."
Team Rocket|17|Rainbow Energy|unl|EN,Team Rocket,17,Rainbow Energy,unl,10,3613.151838813478,2758.4835165895274,2022.8879121656537,1671.808191872441,960.0,2025-10-02,False,thin,0.40802470558114434,STALE IN A RISING SEGMENT,0.4372546941756137,"Its segment is up 44% in 3 months, but this card-grade last sold 364 days ago. Sellers may still price off old comps."
Team Rocket|2|Dark Arbok|unl|EN,Team Rocket,2,Dark Arbok,unl,10,847.0335370608883,646.6730860522808,474.22692977167264,391.92308245592784,560.0,2026-03-30,False,thin,0.40802470558114434,STALE IN A RISING SEGMENT,0.4372546941756137,"Its segment is up 44% in 3 months, but this card-grade last sold 185 days ago. Sellers may still price off old comps."
Team Rocket|3|Dark Blastoise|unl|EN,Team Rocket,3,Dark Blastoise,unl,10,12632.688228181409,9644.505352173739,7072.637258260743,5845.154758893176,1499.99,2024-10-13,False,thin,0.40802470558114434,STALE IN A RISING SEGMENT,0.4372546941756137,"Its segment is up 44% in 3 months, but this card-grade last sold 718 days ago. Sellers may still price off old comps."
Team Rocket|6|Dark Dugtrio|unl|EN,Team Rocket,6,Dark Dugtrio,unl,10,1868.7973958884204,1426.7451362067602,1046.2797665516243,864.6940219434912,1259.0,2026-06-15,False,thin,0.40802470558114434,STALE IN A RISING SEGMENT,0.4372546941756137,"Its segment is up 44% in 3 months, but this card-grade last sold 108 days ago. Sellers may still price off old comps."
Team Rocket|7|Dark Golbat|unl|EN,Team Rocket,7,Dark Golbat,unl,10,1290.773450919303,985.4491166863156,722.6626855699649,597.2418889007974,310.0,2025-09-18,False,thin,0.40802470558114434,STALE IN A RISING SEGMENT,0.4372546941756137,"Its segment is up 44% in 3 months, but this card-grade last sold 378 days ago. Sellers may still price off old comps."
Team Rocket|83|Dark Raichu|unl|EN,Team Rocket,83,Dark Raichu,unl,10,11322.361912135828,8644.12847751901,6339.027550180608,5238.865743950916,7877.77,2026-07-23,False,thin,0.40802470558114434,STALE IN A RISING SEGMENT,0.4372546941756137,"Its segment is up 44% in 3 months, but this card-grade last sold 70 days ago. Sellers may still price off old comps."
Team Rocket|14|Dark Weezing|unl|EN,Team Rocket,14,Dark Weezing,unl,10,505.11734635693153,385.63501785372057,282.79901309272844,233.71819263861855,379.47,2026-03-09,False,thin,0.40802470558114434,STALE IN A RISING SEGMENT,0.38810405898830935,"Its segment is up 39% in 3 months, but this card-grade last sold 206 days ago. Sellers may still price off old comps."
