card_id,set,number,card,edition,lang,grade,fair_value,band_low,band_high,own_value,anchor_value,n_anchors,last_sale,last_sale_date,last_venue,sales_12m,liquidity,decision_grade,model_error,seg_mom_3m,seg_mom_12m,market_60d,n_60d,max_buy_eu,max_buy_us_vat,last_vs_fv,anchor_gap,collectr,collectr_vs_fv,pop10,pop9,pop8,pop_total,gem_rate,pop_this_grade,low_pop
Neo Genesis|10|Meganium|1st|EN,Neo Genesis,10,Meganium,1st,EN,8,296.1350415368953,242.16616270426053,408.74663496583145,296.1350415368953,364.1804087977373,3,200.0,2026-09-26,eBay,21,liq,True,0.12439467024265716,0.05762514834605481,-0.21450382503005305,265.38,6,177.58851931645773,146.7673713359155,-0.324632441463088,0.229778167783512,246.64,-0.1671367268122802,22,363,703,1886,0.01166489925768823,703,True
Neo Genesis|10|Meganium|1st|EN,Neo Genesis,10,Meganium,1st,EN,9,938.4169306376494,753.9280797529594,1280.685369558078,949.8900000000001,927.0824366056984,3,949.89,2026-09-12,eBay,13,liq,True,0.14078541689582635,0.08777688673633244,0.30879648368319623,789.9449999999999,4,552.8805918188369,456.9261089411876,0.012225982916308498,-0.02401074165882544,867.0,-0.07610362548459348,22,363,703,1886,0.01166489925768823,363,True
Neo Genesis|10|Meganium|1st|EN,Neo Genesis,10,Meganium,1st,EN,10,53706.77515649483,41141.29017917141,89211.18238983284,51507.45888768383,20250.418136116932,2,56000.0,2026-09-11,Fanatics Collect,10,liq,True,0.18619896859624596,0.3735322370049037,2.6991638813315046,49999.0,3,30170.279464725703,24934.11526010389,0.04269898605572586,-0.6068449390936834,34952.38,-0.34919980024581376,22,363,703,1886,0.01166489925768823,22,True
Neo Genesis|10|Meganium|unl|EN,Neo Genesis,10,Meganium,unl,EN,8,155.46751068300364,127.13446639713509,214.5873095881999,155.46751068300364,138.21328096339056,2,110.0,2026-09-27,eBay,21,liq,True,0.12439467024265716,0.0700565610152124,-0.21400958823908556,105.0,3,93.23194202456574,77.05119175583945,-0.2924566713859035,-0.11098286480443009,117.64,-0.24331457110761534,9,198,478,1563,0.005758157389635317,478,True
Neo Genesis|10|Meganium|unl|EN,Neo Genesis,10,Meganium,unl,EN,9,217.3700410666111,174.63599846372708,296.65133085896895,197.96593749706133,245.77560052174968,2,162.5,2026-08-06,eBay,16,liq,True,0.14078541689582635,0.04125045980765041,0.2842974609606752,162.5,1,128.06639887339986,105.83999906892551,-0.25242687905550265,0.24150449127339413,245.17,0.12789232038130693,9,198,478,1563,0.005758157389635317,198,True
Neo Genesis|10|Meganium|unl|EN,Neo Genesis,10,Meganium,unl,EN,10,6262.091738458322,4270.767590059006,19761.842446527866,6616.6358124904145,6262.091738458322,3,915.0,2024-03-26,eBay,0,thin,False,0.42913093778099176,0.3735322370049037,2.6991638813315046,,0,3131.8962327099375,2588.343993975155,-0.8538826899675434,-0.05358373712556608,687.02,-0.8902890553677614,9,198,478,1563,0.005758157389635317,9,True
Neo Genesis|11|Meganium|1st|EN,Neo Genesis,11,Meganium,1st,EN,8,343.7281732124678,281.0857245674453,474.43805844248305,343.7281732124678,322.3859431679561,3,409.99,2026-09-12,eBay,23,liq,True,0.12439467024265716,0.05762514834605481,-0.21450382503005305,387.805,4,206.1295313494599,170.35498458633052,0.1927739183211321,-0.06209042990293234,401.32,0.16755049855029802,93,693,590,1970,0.047208121827411166,590,True
Neo Genesis|11|Meganium|1st|EN,Neo Genesis,11,Meganium,1st,EN,9,539.9424412241822,433.79201141721296,736.875435963644,533.1927301218536,539.1974635888112,3,571.74,2026-09-28,eBay,18,liq,True,0.14078541689582635,0.08777688673633244,0.30879648368319623,485.0,6,318.1141417059562,262.90424934376546,0.058890645276420406,0.011261844222041795,552.63,0.023497983872229122,93,693,590,1970,0.047208121827411166,693,True
Neo Genesis|11|Meganium|1st|EN,Neo Genesis,11,Meganium,1st,EN,10,5998.999999999996,4595.44627406292,9964.811359407924,5998.999999999996,5570.170267695494,3,5999.0,2026-09-05,eBay,16,liq,True,0.18619896859624596,0.3735322370049037,2.6991638813315046,5999.5,2,3369.993934312808,2785.1189539775273,6.661338147750939e-16,-0.07148353597341273,7638.64,0.27331888648108094,93,693,590,1970,0.047208121827411166,93,True
Neo Genesis|11|Meganium|unl|EN,Neo Genesis,11,Meganium,unl,EN,8,122.99000000000004,100.57579203198159,169.75954069314116,122.99000000000004,124.2299105452257,3,122.99,2026-09-03,eBay,20,liq,True,0.12439467024265716,0.0700565610152124,-0.21400958823908556,112.745,2,73.75558082345317,60.955025473928245,-3.3306690738754696e-16,0.01008139316388057,111.97,-0.08960078055126464,26,384,486,1747,0.014882655981682884,486,True
Neo Genesis|11|Meganium|unl|EN,Neo Genesis,11,Meganium,unl,EN,9,179.6347399294814,144.31929999380029,245.15284814366638,180.0,188.51115219853318,3,140.0,2026-09-07,eBay,17,liq,True,0.14078541689582635,0.04125045980765041,0.2842974609606752,157.5,3,105.83415332878688,87.46624242048503,-0.22064072876460694,0.04728417888073988,163.88,-0.08770430449959843,26,384,486,1747,0.014882655981682884,384,True
Neo Genesis|11|Meganium|unl|EN,Neo Genesis,11,Meganium,unl,EN,10,4209.362731800053,2923.849509335511,7436.229634163728,3719.9999999999995,3317.0194522295433,3,3720.0,2026-09-14,Fanatics Collect,6,mid,True,0.21684374260601003,0.3735322370049037,2.6991638813315046,3720.0,1,2144.1563068460414,1772.0300056578856,-0.11625577622548722,-0.10832810423937,3107.14,-0.2618502614358227,26,384,486,1747,0.014882655981682884,26,True
Neo Genesis|12|Pichu|1st|EN,Neo Genesis,12,Pichu,1st,EN,8,681.3355781578921,557.1661550760067,940.4277974305188,681.3355781578921,714.1471907178199,3,700.0,2026-09-26,eBay,22,liq,True,0.12439467024265716,0.05762514834605481,-0.21450382503005305,711.0,16,408.58851372240497,337.6764576218223,0.027393875265651513,0.04815778540237048,700.84,0.02862674791597053,37,529,1151,3189,0.011602383192223268,1151,True
Neo Genesis|12|Pichu|1st|EN,Neo Genesis,12,Pichu,1st,EN,9,2019.8763719938195,1622.777109787345,2756.5850886458325,1957.998396125399,1946.8530584714958,3,2750.0,2026-09-27,eBay,20,liq,True,0.14078541689582635,0.08777688673633244,0.30879648368319623,2099.99,9,1190.0365471773864,983.5012786589971,0.3614694632451567,-0.0056922097974942965,2175.44,0.0770164105898341,37,529,1151,3189,0.011602383192223268,529,True
Neo Genesis|12|Pichu|1st|EN,Neo Genesis,12,Pichu,1st,EN,10,108166.12223797232,82859.07708256785,179672.44600434293,89999.99999999997,49436.81022963211,3,129999.0,2026-09-22,Fanatics Collect,8,liq,True,0.18619896859624596,0.3735322370049037,2.6991638813315046,109999.5,2,60763.323193883094,50217.62247428355,0.20184580264413987,-0.4507021085596431,68133.96,-0.3700988942720811,37,529,1151,3189,0.011602383192223268,37,True
Neo Genesis|12|Pichu|unl|EN,Neo Genesis,12,Pichu,unl,EN,8,225.0,183.99506632405766,310.5609940316835,225.0,267.92608553918905,3,225.0,2026-09-25,eBay,21,liq,True,0.12439467024265716,0.0700565610152124,-0.21400958823908556,225.0,7,134.92971530430896,111.5121614085198,0.0,0.19078260239639566,224.88,-0.0005333333333333856,21,338,886,2998,0.007004669779853236,886,True
Neo Genesis|12|Pichu|unl|EN,Neo Genesis,12,Pichu,unl,EN,9,553.3850609729132,444.5918682432439,755.2209771390726,532.4241792684123,613.7005319980085,3,385.0,2026-09-13,eBay,23,liq,True,0.14078541689582635,0.04125045980765041,0.2842974609606752,405.0,6,326.0340367117122,269.4496171171175,-0.3042819057617372,0.15265338407672524,543.78,-0.017356921337967512,21,338,886,2998,0.007004669779853236,338,True
Neo Genesis|12|Pichu|unl|EN,Neo Genesis,12,Pichu,unl,EN,10,35999.99399999951,27577.2692604743,59798.82466241248,29999.989999999994,20218.538917132053,3,43200.0,2026-09-14,Fanatics Collect,5,liq,True,0.18619896859624596,0.3735322370049037,2.6991638813315046,29999.99,3,20223.330791014487,16713.496521499575,0.2000002000000496,-0.3260484781117575,13396.24,-0.6278821602025773,21,338,886,2998,0.007004669779853236,21,True
Neo Genesis|13|Skarmory|1st|EN,Neo Genesis,13,Skarmory,1st,EN,8,144.52572870015888,118.18676016763776,199.48468430344332,144.52572870015888,154.1504073517994,3,136.99,2026-09-18,eBay,25,liq,True,0.12439467024265716,0.05762514834605481,-0.21450382503005305,136.99,7,86.67029078960103,71.62833949553804,-0.052141087735270375,0.06659491523207195,138.82,-0.03947898240316994,59,650,848,2294,0.025719267654751524,848,True
Neo Genesis|13|Skarmory|1st|EN,Neo Genesis,13,Skarmory,1st,EN,9,349.81988199506173,281.04675361380623,477.4095503021125,326.1450547235772,362.2146017268183,3,389.02,2026-09-25,eBay,22,liq,True,0.14078541689582635,0.08777688673633244,0.30879648368319623,389.02,10,206.10095265012458,170.33136582654924,0.11205800476912753,0.11059357326086605,329.43,-0.058286801421279844,59,650,848,2294,0.025719267654751524,650,True
Neo Genesis|13|Skarmory|1st|EN,Neo Genesis,13,Skarmory,1st,EN,10,7669.7712109949525,5327.4707410148785,13549.36212448171,6867.661185024521,4485.067102692523,3,5600.0,2026-08-31,eBay,8,mid,True,0.21684374260601003,0.3735322370049037,2.6991638813315046,5600.0,1,3906.8118767442447,3228.770146069624,-0.26986088033862665,-0.3469294739710562,8425.5,0.09853342012623245,59,650,848,2294,0.025719267654751524,59,True
Neo Genesis|13|Skarmory|unl|EN,Neo Genesis,13,Skarmory,unl,EN,8,62.99999999999999,51.51861857073616,86.95707832887136,62.99999999999999,70.1072411053476,3,50.0,2026-09-08,eBay,17,liq,True,0.12439467024265716,0.0700565610152124,-0.21400958823908556,63.0,5,37.78032028520652,31.223405194385556,-0.20634920634920628,0.11281335087853339,66.32,0.05269841269841269,23,367,538,1718,0.01338766006984866,538,True
Neo Genesis|13|Skarmory|unl|EN,Neo Genesis,13,Skarmory,unl,EN,9,135.6601485688105,108.98992971065339,185.1394213295969,135.00000000000003,136.3235252571239,3,135.0,2026-09-21,eBay,17,liq,True,0.14078541689582635,0.04125045980765041,0.2842974609606752,140.0,5,79.92594845447915,66.05450285494145,-0.004866193762685378,0.009803890793510073,216.03,0.5924352308255341,23,367,538,1718,0.01338766006984866,367,True
Neo Genesis|13|Skarmory|unl|EN,Neo Genesis,13,Skarmory,unl,EN,10,2499.9999999999995,1915.0884622699273,4152.696849228171,2499.9999999999995,2492.5179957957753,3,2500.0,2026-09-18,eBay,9,liq,True,0.18619896859624596,0.3735322370049037,2.6991638813315046,2500.0,3,1404.3982056646134,1160.6596741029864,2.220446049250313e-16,-0.002992801681689694,2028.57,-0.18857199999999985,23,367,538,1718,0.01338766006984866,23,True
Neo Genesis|14|Slowking|1st|EN,Neo Genesis,14,Slowking,1st,EN,8,521.3249499541449,426.3165277475508,719.569754094564,521.3249499541449,502.71262726592823,3,450.38,2026-09-28,eBay,24,liq,True,0.12439467024265716,0.05762514834605481,-0.21450382503005305,550.0,24,312.63212034820396,258.37365318033386,-0.13608585194394618,-0.03570196034134532,528.42,0.013609649886273667,17,524,1292,3559,0.004776622646810902,1292,True
Neo Genesis|14|Slowking|1st|EN,Neo Genesis,14,Slowking,1st,EN,9,1841.6515132167694,1479.590514197342,2513.356347054152,1956.8594568396388,1725.6837156983036,3,2000.0,2026-09-07,eBay,15,liq,True,0.14078541689582635,0.08777688673633244,0.30879648368319623,1859.95,8,1085.0330437447176,896.721523755965,0.08598178626457242,-0.11813609829429861,1959.95,0.06423500099462442,17,524,1292,3559,0.004776622646810902,524,True
Neo Genesis|14|Slowking|1st|EN,Neo Genesis,14,Slowking,1st,EN,10,25042.81303433429,17079.282568490904,79029.84278607953,149999.99999999994,25042.81303433429,2,150000.0,2026-09-04,Fanatics Collect,2,thin,False,0.42913093778099176,0.3735322370049037,2.6991638813315046,150000.0,1,12524.80721689333,10351.080344539943,4.989742438053842,-0.833047913104438,11900.0,-0.5248137665810619,17,524,1292,3559,0.004776622646810902,17,True
Neo Genesis|14|Slowking|unl|EN,Neo Genesis,14,Slowking,unl,EN,8,155.28443238095974,126.98475304457038,214.33461190167378,155.28443238095974,160.65646451057287,2,249.99,2026-09-20,eBay,22,liq,True,0.12439467024265716,0.0700565610152124,-0.21400958823908556,155.0,9,93.12215223268495,76.96045639064873,0.6098844949679103,0.03459478871928323,171.24,0.10275059369696771,8,263,809,2871,0.002786485545106235,809,True
Neo Genesis|14|Slowking|unl|EN,Neo Genesis,14,Slowking,unl,EN,9,452.5903889333065,363.61300793164025,617.663503913589,467.8247680851609,436.5212233586166,2,475.0,2026-09-14,eBay,12,liq,True,0.14078541689582635,0.04125045980765041,0.2842974609606752,492.495,2,266.64953914986955,220.37151995856988,0.04951411168829689,-0.06691297011629338,520.1,0.14916271471385967,8,263,809,2871,0.002786485545106235,263,True
Neo Genesis|14|Slowking|unl|EN,Neo Genesis,14,Slowking,unl,EN,10,6884.167700397176,4695.025484667446,21724.983145043796,34676.75257855644,6884.167700397176,3,6997.0,2025-03-29,eBay,0,thin,False,0.42913093778099176,0.3735322370049037,2.6991638813315046,,0,3443.0186887561276,2845.4699907075437,0.016390114900355135,-0.8014759979383352,6997.0,0.016390114900355135,8,263,809,2871,0.002786485545106235,8,True
Neo Genesis|15|Steelix|1st|EN,Neo Genesis,15,Steelix,1st,EN,8,184.65343850683806,151.00142962235986,254.87180184023097,184.65343850683806,168.92973317869433,3,199.0,2026-09-20,eBay,23,liq,True,0.12439467024265716,0.05762514834605481,-0.21450382503005305,183.745,4,110.7343817230639,91.51601795294538,0.07769452661793053,-0.08515251844368688,177.62,-0.0380899406136842,281,965,620,2547,0.11032587357675697,620,False
Neo Genesis|15|Steelix|1st|EN,Neo Genesis,15,Steelix,1st,EN,9,329.5191021217183,264.73702231239264,449.7044749506438,330.2819736281575,324.9673174615289,3,350.0,2026-09-28,eBay,25,liq,True,0.14078541689582635,0.08777688673633244,0.30879648368319623,399.99,14,194.14048302908796,160.4466801893289,0.06215390169009516,-0.016091269251684914,387.36,0.17553124388192942,281,965,620,2547,0.11032587357675697,965,False
Neo Genesis|15|Steelix|1st|EN,Neo Genesis,15,Steelix,1st,EN,10,2637.51835630159,2020.4323892713276,4381.125667198035,2484.4653856528007,2552.893939482134,3,2800.0,2026-09-22,eBay,30,liq,True,0.18619896859624596,0.2250234538958542,1.7408452158074832,2775.0,9,1481.6504187989738,1224.5044783462592,0.06160398592495375,0.027542566793038015,5896.6,1.235662165501815,281,965,620,2547,0.11032587357675697,281,False
Neo Genesis|15|Steelix|unl|EN,Neo Genesis,15,Steelix,unl,EN,8,88.44014029644062,72.32244213134469,122.07136836784065,88.44014029644062,81.75674952642477,3,79.99,2026-09-21,eBay,22,liq,True,0.12439467024265716,0.0700565610152124,-0.21400958823908556,86.0,3,53.03645756298611,43.83178310990588,-0.09554643703771593,-0.07556965363933088,76.75,-0.13218138570627191,77,492,478,1802,0.04273029966703663,478,True
Neo Genesis|15|Steelix|unl|EN,Neo Genesis,15,Steelix,unl,EN,9,128.8825281966346,103.54476120861345,175.88980213829944,124.40966776988047,128.61520911844164,3,149.99,2026-09-03,eBay,19,liq,True,0.14078541689582635,0.04125045980765041,0.2842974609606752,111.5,8,75.93282488631654,62.75440073249301,0.1637729496674829,0.033803975397957986,143.93,0.11675338786346301,77,492,478,1802,0.04273029966703663,492,True
Neo Genesis|15|Steelix|unl|EN,Neo Genesis,15,Steelix,unl,EN,10,1522.507362148841,1166.2945131889069,2529.004610288877,1204.6143034232932,1335.480333830592,3,1499.99,2026-08-31,eBay,9,liq,True,0.18619896859624596,0.3735322370049037,2.6991638813315046,1219.495,2,855.2826430051985,706.8451595084285,-0.014789657317032745,0.10863728749974277,2097.86,0.3778980989879197,77,492,478,1802,0.04273029966703663,77,True
Neo Genesis|16|Togetic|1st|EN,Neo Genesis,16,Togetic,1st,EN,8,190.901339276463,156.11068702899664,263.49559861190227,190.901339276463,196.2599966355326,3,193.5,2026-09-28,eBay,26,liq,True,0.12439467024265716,0.05762514834605481,-0.21450382503005305,192.5,12,114.48117048793088,94.61253759333131,0.013612585083929707,0.028070297355584195,191.83,0.004864610835401795,151,943,613,2359,0.06401017380245867,613,False
Neo Genesis|16|Togetic|1st|EN,Neo Genesis,16,Togetic,1st,EN,9,380.8387670489157,305.9674553629099,519.7419411312948,369.6310620200543,377.24801243178047,3,449.99,2026-09-25,eBay,23,liq,True,0.14078541689582635,0.08777688673633244,0.30879648368319623,415.0,14,224.37613393280063,185.43482143206663,0.18157613912819537,0.020606900215850654,403.01,0.05821684888565071,151,943,613,2359,0.06401017380245867,943,False
Neo Genesis|16|Togetic|1st|EN,Neo Genesis,16,Togetic,1st,EN,10,4316.239059729919,3306.3918494750305,7169.612937542407,3725.9913761303937,3559.707871632866,3,4999.99,2026-09-19,eBay,23,liq,True,0.18619896859624596,0.2250234538958542,1.7408452158074832,3227.0,6,2424.687356281689,2003.8738481666853,0.15841359359573226,-0.04462798963056658,8180.73,0.8953375581823992,151,943,613,2359,0.06401017380245867,151,False
Neo Genesis|16|Togetic|unl|EN,Neo Genesis,16,Togetic,unl,EN,8,90.95480768629308,74.37882610102847,125.54229105340349,90.95480768629308,94.69248604386937,3,86.0,2026-09-16,eBay,16,liq,True,0.12439467024265716,0.0700565610152124,-0.21400958823908556,90.0,5,54.54447247408755,45.07807642486574,-0.05447548966715887,0.04109379649801137,91.91,0.01050183424059803,48,447,545,1874,0.025613660618996798,545,True
Neo Genesis|16|Togetic|unl|EN,Neo Genesis,16,Togetic,unl,EN,9,177.9961727662918,143.00286829424604,242.91664702194396,184.12002567604245,171.85072237588065,3,185.33,2026-09-24,eBay,17,liq,True,0.14078541689582635,0.04125045980765041,0.2842974609606752,180.0,5,104.8687700824471,86.66840502681579,0.04120216249445696,-0.06663752764052688,185.19,0.04041562872901583,48,447,545,1874,0.025613660618996798,447,True
Neo Genesis|16|Togetic|unl|EN,Neo Genesis,16,Togetic,unl,EN,10,4161.574384080705,3187.913235132419,6912.7027330402525,3463.7471983417363,2743.867509945816,3,4999.99,2026-09-23,eBay,10,liq,True,0.18619896859624596,0.3735322370049037,2.6991638813315046,3849.995,2,2337.803039097107,1932.0686273529811,0.20146596901559422,-0.2078326295696642,3761.65,-0.09609929972909736,48,447,545,1874,0.025613660618996798,48,True
Neo Genesis|17|Typhlosion|1st|EN,Neo Genesis,17,Typhlosion,1st,EN,8,1914.750492070179,1565.7984168109983,2642.874738399866,1914.750492070179,1686.9560819807373,2,2277.06,2026-09-26,eBay,20,liq,True,0.12439467024265716,0.05762514834605481,-0.21450382503005305,2000.0,15,1148.2521723280656,948.9687374612113,0.18922021925587873,-0.11896819509008527,2300.75,0.2015925884486851,13,275,992,3151,0.004125674389082831,992,True
Neo Genesis|17|Typhlosion|1st|EN,Neo Genesis,17,Typhlosion,1st,EN,9,8149.198556615736,6547.100141447934,11121.452548804713,9200.000000000005,7099.038595320793,2,10000.0,2026-09-05,eBay,9,liq,True,0.14078541689582635,0.08777688673633244,0.30879648368319623,9050.0,4,4801.2067703951525,3967.9394796654155,0.22711453531608128,-0.2283653700738273,9337.01,0.14575806873916042,13,275,992,3151,0.004125674389082831,275,True
Neo Genesis|17|Typhlosion|1st|EN,Neo Genesis,17,Typhlosion,1st,EN,10,60524.99561269398,41278.25021528584,191004.13684921767,10228.586526206702,60524.99561269398,2,3000.0,2025-10-27,eBay,1,thin,False,0.42913093778099176,0.3735322370049037,2.6991638813315046,,0,30270.716824542953,25017.121342597482,-0.9504337014876081,4.91723944042734,40000.0,-0.3391160198347747,13,275,992,3151,0.004125674389082831,13,True
Neo Genesis|17|Typhlosion|unl|EN,Neo Genesis,17,Typhlosion,unl,EN,8,348.17034205238417,284.71833412443675,480.5694556450652,348.17034205238417,436.9450081788006,2,500.0,2026-09-21,eBay,17,liq,True,0.12439467024265716,0.0700565610152124,-0.21400958823908556,320.0,8,208.79344502458696,172.5565661360223,0.4360786649793744,0.2549748080296277,402.76,0.15679008621418555,4,199,794,3776,0.001059322033898305,794,True
Neo Genesis|17|Typhlosion|unl|EN,Neo Genesis,17,Typhlosion,unl,EN,9,1161.5908863686145,933.226967488061,1585.2574745997454,1128.9943290316737,1259.0678459168464,2,870.0,2026-09-07,eBay,11,liq,True,0.14078541689582635,0.04125045980765041,0.2842974609606752,1022.5,2,684.366442824578,565.5921015079158,-0.25102718159247184,0.11521184255791206,938.46,-0.19209076877847253,4,199,794,3776,0.001059322033898305,199,True
Neo Genesis|18|Typhlosion|1st|EN,Neo Genesis,18,Typhlosion,1st,EN,8,497.78,407.06250717684185,687.0713404848507,497.78,453.21070348961337,3,480.99,2026-09-28,eBay,27,liq,True,0.12439467024265716,0.05762514834605481,-0.21450382503005305,496.76,12,298.5125052630174,246.7045498041466,-0.03372976013499929,-0.08953613345330591,521.89,0.04843505162923378,146,855,656,2510,0.05816733067729084,656,False
Neo Genesis|18|Typhlosion|1st|EN,Neo Genesis,18,Typhlosion,1st,EN,9,948.3487951285376,761.9073811482294,1294.2396790879277,891.7613287960252,920.2238030735815,3,1410.0,2026-09-28,eBay,23,liq,True,0.14078541689582635,0.08777688673633244,0.30879648368319623,1095.99,20,558.7320795087016,461.7620491807452,0.48679473970216924,0.03191714347602814,1161.86,0.22513995480167548,146,855,656,2510,0.05816733067729084,855,False
Neo Genesis|18|Typhlosion|1st|EN,Neo Genesis,18,Typhlosion,1st,EN,10,8277.076778670122,6340.533696061401,13748.876263841245,6850.999999999997,7483.816389727388,3,10000.0,2026-09-20,eBay,24,liq,True,0.18619896859624596,0.2250234538958542,1.7408452158074832,6851.0,5,4649.724710445028,3842.747694582668,0.20815600330902084,0.09236847025651596,7534.98,-0.08965686781865934,146,855,656,2510,0.05816733067729084,146,False
Neo Genesis|18|Typhlosion|unl|EN,Neo Genesis,18,Typhlosion,unl,EN,8,229.94835861399667,188.04161553018005,317.3910703427415,229.94835861399667,217.42946091630904,3,235.0,2026-09-17,eBay,24,liq,True,0.12439467024265716,0.0700565610152124,-0.21400958823908556,215.0,4,137.89718472213204,113.9646154728364,0.02196859075860269,-0.054442213778540194,241.11,0.04853977411832644,65,566,722,2784,0.023347701149425287,722,True
Neo Genesis|18|Typhlosion|unl|EN,Neo Genesis,18,Typhlosion,unl,EN,9,301.3873472207161,242.13585298120648,411.3122361221878,301.3888466335758,320.9694916598532,3,220.0,2026-09-12,eBay,25,liq,True,0.14078541689582635,0.04125045980765041,0.2842974609606752,285.0,5,177.5662921862181,146.74900180679182,-0.27004234906090263,0.0649680479055128,322.8,0.07104695328700283,65,566,722,2784,0.023347701149425287,566,True
Neo Genesis|18|Typhlosion|unl|EN,Neo Genesis,18,Typhlosion,unl,EN,10,5139.968085235403,3570.2537703585094,9080.230293609886,4517.277980450687,4257.786054688262,3,3521.23,2026-08-30,eBay,6,mid,True,0.21684374260601003,0.3735322370049037,2.6991638813315046,3521.23,1,2618.1860982629073,2163.7901638536423,-0.3149315440080728,-0.0574443120138769,2965.36,-0.4230781298977285,65,566,722,2784,0.023347701149425287,65,True
Neo Genesis|19|Metal Energy|1st|EN,Neo Genesis,19,Metal Energy,1st,EN,8,50.3600286836831,41.182208078825425,69.5104914109721,50.3600286836831,56.93333200777874,3,35.0,2026-08-06,eBay,23,liq,True,0.12439467024265716,0.05762514834605481,-0.21450382503005305,35.0,1,30.20028592447198,24.958913987166927,-0.3050043672564433,0.13052620294129058,61.49,0.2210080416400373,22,253,550,1353,0.016260162601626018,550,True
Neo Genesis|19|Metal Energy|1st|EN,Neo Genesis,19,Metal Energy,1st,EN,9,126.37337823524352,101.52889965449774,172.4654908959636,120.85883647686993,134.6281072815976,2,100.0,2026-08-03,eBay,12,liq,True,0.14078541689582635,0.08777688673633244,0.30879648368319623,100.0,1,74.45452641329834,61.532666457271354,-0.2086940984211848,0.11392854015571174,118.39,-0.06317294312084065,22,253,550,1353,0.016260162601626018,253,True
Neo Genesis|19|Metal Energy|1st|EN,Neo Genesis,19,Metal Energy,1st,EN,10,5229.322205237975,3632.319697334326,9238.082633128652,5258.801449884471,2165.4662125012264,3,3600.0,2026-08-24,Fanatics Collect,5,mid,True,0.21684374260601003,0.3735322370049037,2.6991638813315046,3600.0,1,2663.701111378506,2201.405877172319,-0.3115742616903501,-0.588220579700951,4807.0,-0.08076040998486456,22,253,550,1353,0.016260162601626018,22,True
Neo Genesis|19|Metal Energy|unl|EN,Neo Genesis,19,Metal Energy,unl,EN,8,35.83187819763203,29.30172802439495,49.45770538257251,35.83187819763203,26.308902738035467,2,34.99,2026-07-12,eBay,12,liq,True,0.12439467024265716,0.0700565610152124,-0.21400958823908556,,0,21.4879338845563,17.75862304508785,-0.02349522938732429,-0.26576824711984803,55.35,0.5447138912092484,10,141,252,798,0.012531328320802004,252,True
Neo Genesis|19|Metal Energy|unl|EN,Neo Genesis,19,Metal Energy,unl,EN,9,55.37333191825156,46.07560710653805,85.35433864344397,56.75553987551703,55.0609816545684,3,29.99,2025-12-15,eBay,4,thin,True,0.15436241610738266,0.04125045980765041,0.2842974609606752,,0,33.788778544794575,27.924610367598824,-0.4584035498482435,-0.029857142133883907,100.0,0.805923474997521,10,141,252,798,0.012531328320802004,141,True
Neo Genesis|19|Metal Energy|unl|EN,Neo Genesis,19,Metal Energy,unl,EN,10,1582.8451327719245,1079.5056948158394,4995.125820177313,1631.69,1582.8451327719245,2,1631.69,2026-09-17,eBay,1,thin,False,0.42913093778099176,0.3735322370049037,2.6991638813315046,1631.69,1,791.6375095316156,654.2458756459633,0.03085890477644959,-0.02993513916741264,346.0,-0.7814062836368112,10,141,252,798,0.012531328320802004,10,True
Neo Genesis|1|Ampharos|1st|EN,Neo Genesis,1,Ampharos,1st,EN,8,172.9147111234044,141.40201662913805,238.66917586304828,172.9147111234044,178.23140427760273,3,189.99,2026-09-23,eBay,22,liq,True,0.12439467024265716,0.05762514834605481,-0.21450382503005305,175.0,6,103.69481219470124,85.69819189644731,0.0987497753410318,0.030747488861164296,184.28,0.0657277151420883,285,1012,619,2656,0.10730421686746988,619,False
Neo Genesis|1|Ampharos|1st|EN,Neo Genesis,1,Ampharos,1st,EN,9,362.1535223814384,290.9556517903834,494.24163450746704,373.75000000000017,346.1869076329103,3,399.99,2026-09-26,eBay,24,liq,True,0.14078541689582635,0.08777688673633244,0.30879648368319623,399.99,14,213.3674779796145,176.33675866083843,0.10447634851031573,-0.07374740432666194,370.94,0.02426174833474981,285,1012,619,2656,0.10730421686746988,1012,False
Neo Genesis|1|Ampharos|1st|EN,Neo Genesis,1,Ampharos,1st,EN,10,2871.1743599197193,2199.4211559389996,4769.246687209337,2970.6818756974476,3175.453764519275,3,2775.0,2026-09-11,eBay,29,liq,True,0.18619896859624596,0.2250234538958542,1.7408452158074832,2575.0,3,1612.9088476886,1332.982518750909,-0.033496523674169554,0.06893093821220808,5691.15,0.9821680213663964,285,1012,619,2656,0.10730421686746988,285,False
Neo Genesis|1|Ampharos|unl|EN,Neo Genesis,1,Ampharos,unl,EN,8,84.66000000000004,69.23121028886546,116.85375002098814,84.66000000000004,81.65314478552531,3,84.66,2026-09-18,eBay,20,liq,True,0.12439467024265716,0.0700565610152124,-0.21400958823908556,84.66,5,50.769554211834674,41.95830926597907,-5.551115123125783e-16,-0.03551683456738397,83.5,-0.013701866288684639,68,466,541,1809,0.037589828634604756,541,True
Neo Genesis|1|Ampharos|unl|EN,Neo Genesis,1,Ampharos,unl,EN,9,122.77388085730126,98.6370484339705,167.55315025163938,119.22000000000003,126.43370089551084,3,119.22,2026-09-27,eBay,16,liq,True,0.14078541689582635,0.04125045980765041,0.2842974609606752,116.11,2,72.33383551824504,59.78002935392152,-0.0289465546945763,0.060507472701818665,132.88,0.08231489525402358,68,466,541,1809,0.037589828634604756,466,True
Neo Genesis|1|Ampharos|unl|EN,Neo Genesis,1,Ampharos,unl,EN,10,1314.984504811684,1007.3246612914362,2184.2928039661415,1481.2127952162075,1471.7050556466197,3,910.0,2026-08-17,eBay,7,liq,True,0.18619896859624596,0.3735322370049037,2.6991638813315046,1138.6100000000001,2,738.70475161372,610.4997947220826,-0.30797663647731044,-0.006418888359791652,1992.95,0.5155691893764223,68,466,541,1809,0.037589828634604756,68,True
Neo Genesis|2|Azumarill|1st|EN,Neo Genesis,2,Azumarill,1st,EN,8,206.45500344817714,168.8297868994707,284.96387152746905,206.45500344817714,225.1267097764602,3,175.0,2026-09-28,eBay,24,liq,True,0.12439467024265716,0.05762514834605481,-0.21450382503005305,235.6,12,123.80851039294518,102.32108296937619,-0.15235767078937734,0.09043959224252895,269.39,0.3048363832345693,38,584,837,2322,0.01636520241171404,837,True
Neo Genesis|2|Azumarill|1st|EN,Neo Genesis,2,Azumarill,1st,EN,9,464.50396257336917,373.184422730545,633.9223105930611,450.00000000000006,470.4221859031464,3,495.0,2026-09-26,eBay,22,liq,True,0.14078541689582635,0.08777688673633244,0.30879648368319623,489.99,14,273.66857666906634,226.17237741245154,0.0656529112425257,0.04538263534032527,475.63,0.023952513483398885,38,584,837,2322,0.01636520241171404,584,True
Neo Genesis|2|Azumarill|1st|EN,Neo Genesis,2,Azumarill,1st,EN,10,24571.332477319043,18822.51013196484,40814.917983960295,24150.01518843819,13568.081203106127,3,25000.0,2026-09-19,eBay,13,liq,True,0.18619896859624596,0.3735322370049037,2.6991638813315046,24000.0,5,13803.174096774215,11407.581898160508,0.01744583949920675,-0.4381750447261896,22189.12,-0.0969508869540544,38,584,837,2322,0.01636520241171404,38,True
Neo Genesis|2|Azumarill|unl|EN,Neo Genesis,2,Azumarill,unl,EN,8,82.26989795017732,67.27669035473924,113.5547612724099,82.26989795017732,86.30777898400628,3,91.0,2026-08-31,eBay,14,liq,True,0.12439467024265716,0.0700565610152124,-0.21400958823908556,90.95,3,49.33623959347545,40.773751730145,0.10611538688317834,0.049080904856285246,84.56,0.027836451811445784,15,256,520,1614,0.00929368029739777,520,True
Neo Genesis|2|Azumarill|unl|EN,Neo Genesis,2,Azumarill,unl,EN,9,157.25084249958365,126.33598335090588,214.6048805865595,157.81566175866968,156.25786450178998,3,160.0,2026-09-27,eBay,19,liq,True,0.14078541689582635,0.04125045980765041,0.2842974609606752,160.0,5,92.64638779066432,76.56726263691266,0.017482624936802083,-0.009870992774227094,160.07,0.017927773585211915,15,256,520,1614,0.00929368029739777,256,True
Neo Genesis|2|Azumarill|unl|EN,Neo Genesis,2,Azumarill,unl,EN,10,4796.132064701846,3331.423133993035,8472.812076626911,4200.0,4103.351103814784,3,4200.0,2026-09-14,Fanatics Collect,5,mid,True,0.21684374260601003,0.3735322370049037,2.6991638813315046,4260.0,2,2443.0436315948928,2019.0443236321428,-0.12429433899229059,-0.02301164194886085,3392.86,-0.2925841169031864,15,256,520,1614,0.00929368029739777,15,True
Neo Genesis|3|Bellossom|1st|EN,Neo Genesis,3,Bellossom,1st,EN,8,117.00000000000003,95.67743448851,161.49171689647542,117.00000000000003,104.96907791868504,3,117.0,2026-09-26,eBay,25,liq,True,0.12439467024265716,0.05762514834605481,-0.21450382503005305,102.0,5,70.16345195824067,57.98632393243031,-2.220446049250313e-16,-0.10282839385739295,99.18,-0.15230769230769248,178,832,594,2080,0.08557692307692308,594,False
Neo Genesis|3|Bellossom|1st|EN,Neo Genesis,3,Bellossom,1st,EN,9,197.6672183514543,158.80666843953682,269.76230534538183,184.99999999999991,192.8497618317672,3,291.45,2026-09-26,eBay,21,liq,True,0.14078541689582635,0.08777688673633244,0.30879648368319623,220.0,6,116.45822352232702,96.24646572093143,0.4744478241293353,0.042431145036579965,239.33,0.21077233744681356,178,832,594,2080,0.08557692307692308,832,False
Neo Genesis|3|Bellossom|1st|EN,Neo Genesis,3,Bellossom,1st,EN,10,2516.7798471836627,1927.9424189659617,4180.569496640226,2049.08104514702,2191.6951542410743,3,3091.23,2026-09-23,eBay,19,liq,True,0.18619896859624596,0.2250234538958542,1.7408452158074832,1860.95,5,1413.8244405750386,1168.4499508884617,0.2282480740058217,0.06959905731001559,2683.16,0.066108345949496,178,832,594,2080,0.08557692307692308,178,False
Neo Genesis|3|Bellossom|unl|EN,Neo Genesis,3,Bellossom,unl,EN,8,53.763178204506474,43.96515350902357,74.20776029108475,53.763178204506474,57.69013685802734,3,91.0,2026-09-01,eBay,17,liq,True,0.12439467024265716,0.0700565610152124,-0.21400958823908556,69.89,2,32.24111257328396,26.64554758122641,0.6926082690619713,0.07304178779355919,73.12,0.36003864432759713,57,458,459,1467,0.03885480572597137,459,True
Neo Genesis|3|Bellossom|unl|EN,Neo Genesis,3,Bellossom,unl,EN,9,85.53323724104555,68.71775988139723,116.7297413007186,83.35407894613105,84.63077798996581,3,100.0,2026-09-16,eBay,20,liq,True,0.14078541689582635,0.04125045980765041,0.2842974609606752,100.0,1,50.393023913024635,41.6471272008468,0.16913615368239743,0.015316575505079255,129.75,0.5169541594029108,57,458,459,1467,0.03885480572597137,458,True
Neo Genesis|3|Bellossom|unl|EN,Neo Genesis,3,Bellossom,unl,EN,10,1217.3864373131753,830.2616375170679,3841.815159457508,1579.62774787066,1217.3864373131753,3,1659.94,2026-05-03,eBay,3,thin,False,0.42913093778099176,0.3735322370049037,2.6991638813315046,,0,608.8585341791832,503.1888712224654,0.36352759413318236,-0.22932068080330092,2102.95,0.7274301204154219,57,458,459,1467,0.03885480572597137,57,True
Neo Genesis|4|Feraligatr|1st|EN,Neo Genesis,4,Feraligatr,1st,EN,8,361.3143217503972,295.46690041909443,498.7117107586083,361.3143217503972,376.62781863766173,3,374.99,2026-09-17,eBay,21,liq,True,0.12439467024265716,0.05762514834605481,-0.21450382503005305,360.0,10,216.6757269740026,179.07084873884514,0.037849809504784115,0.04238275641296996,357.85,-0.009588110799522598,101,616,620,2151,0.04695490469549047,620,False
Neo Genesis|4|Feraligatr|1st|EN,Neo Genesis,4,Feraligatr,1st,EN,9,855.3040237400639,687.1548233738305,1167.2587247373651,863.5969481488418,822.4503208995926,3,1000.95,2026-09-23,eBay,17,liq,True,0.14078541689582635,0.08777688673633244,0.30879648368319623,879.99,5,503.91353714080907,416.45746871141245,0.1702856203377332,-0.04764563762927687,952.64,0.11380278071685712,101,616,620,2151,0.04695490469549047,616,False
Neo Genesis|4|Feraligatr|1st|EN,Neo Genesis,4,Feraligatr,1st,EN,10,10488.083237655967,8034.242879904635,17421.53208618271,9999.990000000007,8877.143847271227,3,11000.0,2026-09-16,eBay,8,liq,True,0.18619896859624596,0.2250234538958542,1.7408452158074832,10499.994999999999,2,5891.778111930066,4869.238109033113,0.048809372574968535,-0.11228472755760543,12400.73,0.1823638046155991,101,616,620,2151,0.04695490469549047,101,False
Neo Genesis|4|Feraligatr|unl|EN,Neo Genesis,4,Feraligatr,unl,EN,8,185.10727038789906,151.37255329816338,255.4982128629224,185.10727038789906,182.98900716364355,3,180.0,2026-09-18,eBay,19,liq,True,0.12439467024265716,0.0700565610152124,-0.21400958823908556,180.0,3,111.00653908531982,91.7409413928263,-0.0275908686741293,-0.011443436121210238,172.01,-0.0707550295590944,32,360,572,1989,0.01608848667672197,572,True
Neo Genesis|4|Feraligatr|unl|EN,Neo Genesis,4,Feraligatr,unl,EN,9,339.7541071298874,272.9598680647895,463.6724893197038,340.0000000000001,321.00051167575305,3,449.99,2026-09-20,eBay,19,liq,True,0.14078541689582635,0.04125045980765041,0.2842974609606752,394.995,2,200.17056991417897,165.4302230695694,0.32445786690069234,-0.05588084801249138,388.35,0.14303253985840558,32,360,572,1989,0.01608848667672197,360,True
Neo Genesis|4|Feraligatr|unl|EN,Neo Genesis,4,Feraligatr,unl,EN,10,5102.936683910548,3909.030066820425,8476.379635634483,3719.9999999999995,3994.4584218312584,3,6999.99,2026-09-23,eBay,6,liq,True,0.18619896859624596,0.3735322370049037,2.6991638813315046,3262.5,4,2866.6220490016453,2369.1091314063187,0.3717571730942344,0.07377914565356414,5088.27,-0.002874165371636095,32,360,572,1989,0.01608848667672197,32,True
Neo Genesis|5|Feraligatr|1st|EN,Neo Genesis,5,Feraligatr,1st,EN,8,500.67841728269354,409.4327048664596,691.0719420512147,500.67841728269354,391.00685862233854,2,526.88,2026-09-28,eBay,18,liq,True,0.12439467024265716,0.05762514834605481,-0.21450382503005305,526.88,11,300.2506502354037,248.14103325239978,0.05233215935192281,-0.21904590826097492,541.18,0.08089340646460963,22,432,729,2107,0.01044138585666825,729,True
Neo Genesis|5|Feraligatr|1st|EN,Neo Genesis,5,Feraligatr,1st,EN,9,1216.2383893035376,977.1309994869574,1659.8365398389913,1183.5104055008978,1076.2464909299158,2,2500.0,2026-09-27,eBay,23,liq,True,0.14078541689582635,0.08777688673633244,0.30879648368319623,1700.0,14,716.5627329571022,592.2006057496712,1.055518080983771,-0.09063199957721091,2387.57,0.9630773218457689,22,432,729,2107,0.01044138585666825,432,True
Neo Genesis|5|Feraligatr|1st|EN,Neo Genesis,5,Feraligatr,1st,EN,10,11100.696622327894,7570.712366054709,35031.46023075592,55487.458219972585,11100.696622327894,2,25000.0,2025-12-04,eBay,1,thin,False,0.42913093778099176,0.3735322370049037,2.6991638813315046,,0,5551.855735106787,4588.310524881642,1.2521109125453536,-0.7999422395900588,43829.0,2.9483107674380125,22,432,729,2107,0.01044138585666825,22,True
Neo Genesis|5|Feraligatr|unl|EN,Neo Genesis,5,Feraligatr,unl,EN,8,194.56126146807975,159.10360981294068,268.5472833848228,194.56126146807975,188.3804772898136,2,275.0,2026-09-18,eBay,23,liq,True,0.12439467024265716,0.0700565610152124,-0.21400958823908556,195.0,4,116.67598052948983,96.42643018966102,0.413436559389893,-0.03176780481185448,209.5,0.07678166978975476,8,222,547,1980,0.00404040404040404,547,True
Neo Genesis|5|Feraligatr|unl|EN,Neo Genesis,5,Feraligatr,unl,EN,9,416.2267421523291,334.39830229779324,568.0369585095849,415.3924538384499,415.97144605809603,2,400.0,2026-08-02,eBay,15,liq,True,0.14078541689582635,0.04125045980765041,0.2842974609606752,400.0,1,245.2254216850484,202.66563775623834,-0.03898534262459885,0.001393843856083432,594.69,0.4287645164864433,8,222,547,1980,0.00404040404040404,222,True
Neo Genesis|5|Feraligatr|unl|EN,Neo Genesis,5,Feraligatr,unl,EN,10,5794.425495808517,3951.8176424229496,18285.986296410138,22283.243419818264,5794.425495808517,2,8067.0,2025-12-07,eBay,1,thin,False,0.42913093778099176,0.3735322370049037,2.6991638813315046,,0,2897.9996044434965,2395.0409954078486,0.3922001423325545,-0.7399648970914587,8067.0,0.3922001423325545,8,222,547,1980,0.00404040404040404,8,True
Neo Genesis|6|Heracross|1st|EN,Neo Genesis,6,Heracross,1st,EN,8,310.48972979250453,253.90479300493604,428.5599960932845,310.48972979250453,328.5719165927668,3,325.0,2026-09-21,eBay,18,liq,True,0.12439467024265716,0.05762514834605481,-0.21450382503005305,315.0,10,186.19684820361977,153.88169273026426,0.046733494912029716,0.058237632569509756,271.55,-0.12541390602042568,27,425,941,2526,0.010688836104513063,941,True
Neo Genesis|6|Heracross|1st|EN,Neo Genesis,6,Heracross,1st,EN,9,702.085841747085,564.0586963093774,958.1573353417564,652.2901094471544,744.7000960593969,3,701.83,2026-09-14,eBay,15,liq,True,0.14078541689582635,0.08777688673633244,0.30879648368319623,701.83,3,413.64304396021015,341.8537553390167,-0.0003644023734311608,0.14167007175774016,699.66,-0.0034551925175538845,27,425,941,2526,0.010688836104513063,425,True
Neo Genesis|6|Heracross|1st|EN,Neo Genesis,6,Heracross,1st,EN,10,43499.999999999985,33322.53924349676,72256.92517657024,43499.999999999985,14725.93220058358,2,43500.0,2026-09-12,Fanatics Collect,8,liq,True,0.18619896859624596,0.3735322370049037,2.6991638813315046,36870.5,2,24436.52877856429,20195.478329391975,4.440892098500626e-16,-0.66147282297509,33828.57,-0.2223317241379308,27,425,941,2526,0.010688836104513063,27,True
Neo Genesis|6|Heracross|unl|EN,Neo Genesis,6,Heracross,unl,EN,8,99.16910344538938,81.09611451436335,136.88024596991545,99.16910344538938,102.18002517905785,2,129.99,2026-09-25,eBay,20,liq,True,0.12439467024265716,0.0700565610152124,-0.21400958823908556,99.99,6,59.4704839771998,49.14916031173537,0.3107913199153114,0.03036148991027754,110.07,0.10992230620107946,4,216,502,1647,0.0024286581663630845,502,True
Neo Genesis|6|Heracross|unl|EN,Neo Genesis,6,Heracross,unl,EN,9,246.36338644479002,197.92937318122264,336.21940772129443,254.4367707378697,239.57889688613477,2,249.0,2026-09-01,eBay,19,liq,True,0.14078541689582635,0.04125045980765041,0.2842974609606752,238.595,2,145.14820699956329,119.95719586740768,0.010702132298383793,-0.05839515180391153,257.69,0.04597523081112653,4,216,502,1647,0.0024286581663630845,216,True
Neo Genesis|6|Heracross|unl|EN,Neo Genesis,6,Heracross,unl,EN,10,6230.78024829904,4249.41304864476,19663.029979202645,26773.405689346146,6230.78024829904,3,21499.0,2026-05-28,eBay,1,thin,False,0.42913093778099176,0.3735322370049037,2.6991638813315046,,0,3116.2362356728245,2575.4018476634915,2.4504506888794673,-0.767277263094757,21499.0,2.4504506888794673,4,216,502,1647,0.0024286581663630845,4,True
Neo Genesis|7|Jumpluff|1st|EN,Neo Genesis,7,Jumpluff,1st,EN,8,103.23266335725643,84.41911440545562,142.48906021674534,103.23266335725643,119.24883443137932,3,109.0,2026-09-21,eBay,26,liq,True,0.12439467024265716,0.05762514834605481,-0.21450382503005305,102.5,11,61.907350564000794,51.16309963967008,0.05586736266587056,0.15514635148660139,104.57,0.012954588201560258,36,498,626,1703,0.021139166177334117,626,True
Neo Genesis|7|Jumpluff|1st|EN,Neo Genesis,7,Jumpluff,1st,EN,9,220.68725814937468,177.30106451665122,301.1784352268076,209.5911075231163,229.09717411404685,3,225.0,2026-09-14,eBay,19,liq,True,0.14078541689582635,0.08777688673633244,0.30879648368319623,212.5,7,130.02078064554425,107.45519061615228,0.019542323769803582,0.09306724326927451,209.43,-0.0510100050350667,36,498,626,1703,0.021139166177334117,498,True
Neo Genesis|7|Jumpluff|1st|EN,Neo Genesis,7,Jumpluff,1st,EN,10,8700.000000000004,6664.507848699357,14451.385035314057,8700.000000000004,5292.397808276103,2,8700.0,2026-09-21,Fanatics Collect,17,liq,True,0.18619896859624596,0.3735322370049037,2.6991638813315046,9349.994999999999,4,4887.305755712862,4039.095665878399,-4.440892098500626e-16,-0.3916784128418275,7684.42,-0.11673333333333369,36,498,626,1703,0.021139166177334117,36,True
Neo Genesis|7|Jumpluff|unl|EN,Neo Genesis,7,Jumpluff,unl,EN,8,38.811894360967536,31.738653676037973,53.570935524421216,38.811894360967536,37.11508014386056,2,29.77,2026-09-25,eBay,18,liq,True,0.12439467024265716,0.0700565610152124,-0.21400958823908556,29.77,5,23.275012695761184,19.23554768244726,-0.23296709706756324,-0.04371892289837398,57.65,0.48536939382112787,17,276,597,1993,0.008529854490717512,597,True
Neo Genesis|7|Jumpluff|unl|EN,Neo Genesis,7,Jumpluff,unl,EN,9,49.62660628589351,39.87022266995613,67.72689892538145,41.67703947306556,56.534166839784994,2,52.0,2026-09-04,eBay,10,liq,True,0.14078541689582635,0.04125045980765041,0.2842974609606752,43.5,2,29.238163291301163,24.16377131512493,0.04782502556055568,0.3564823114732294,45.71,-0.07892150156974997,17,276,597,1993,0.008529854490717512,276,True
Neo Genesis|7|Jumpluff|unl|EN,Neo Genesis,7,Jumpluff,unl,EN,10,1687.955003140045,1151.19097930418,5326.830430161388,1554.7451519834206,1687.955003140045,3,456.0,2025-10-20,Fanatics Collect,2,thin,False,0.42913093778099176,0.3735322370049037,2.6991638813315046,,0,844.2067181563988,697.6915026085941,-0.7298506185581257,0.08567954110465359,340.0,-0.7985728296266728,17,276,597,1993,0.008529854490717512,17,True
Neo Genesis|8|Kingdra|1st|EN,Neo Genesis,8,Kingdra,1st,EN,8,158.64377225190822,129.73187287728243,218.97141158883832,158.64377225190822,155.99913413615207,3,200.0,2026-09-18,eBay,26,liq,True,0.12439467024265716,0.05762514834605481,-0.21450382503005305,169.99,8,95.13670677667379,78.6253775013833,0.2606861092689021,-0.016670292682884336,169.14,0.06616224260871051,116,845,642,2232,0.05197132616487455,642,False
Neo Genesis|8|Kingdra|1st|EN,Neo Genesis,8,Kingdra,1st,EN,9,310.72341792823585,249.63649116361404,424.05344823582254,324.98999999999995,291.8813202477251,3,355.0,2026-09-28,eBay,22,liq,True,0.14078541689582635,0.08777688673633244,0.30879648368319623,355.0,13,183.0667601866503,151.29484312946306,0.14249515651887612,-0.10187599542224324,349.38,0.12440833178750688,116,845,642,2232,0.05197132616487455,845,False
Neo Genesis|8|Kingdra|1st|EN,Neo Genesis,8,Kingdra,1st,EN,10,4999.990000000002,3830.169264186011,8305.377087668958,4999.990000000002,4034.5439186421722,3,4999.99,2026-09-19,eBay,8,liq,True,0.18619896859624596,0.2250234538958542,1.7408452158074832,5049.495,2,2808.790793736408,2321.3147055672794,-3.3306690738754696e-16,-0.19308960245077067,4311.71,-0.13765627531255087,116,845,642,2232,0.05197132616487455,116,False
Neo Genesis|8|Kingdra|unl|EN,Neo Genesis,8,Kingdra,unl,EN,8,57.44979613852981,46.97990689249951,79.29629242533062,57.44979613852981,62.05827396832987,3,55.0,2026-09-12,eBay,19,liq,True,0.12439467024265716,0.0700565610152124,-0.21400958823908556,55.0,6,34.45193172116631,28.4726708439391,-0.0426423817522793,0.08021747925245104,58.51,0.01845444079407521,37,500,800,2786,0.013280689160086146,800,True
Neo Genesis|8|Kingdra|unl|EN,Neo Genesis,8,Kingdra,unl,EN,9,156.09583388838112,125.40804461076577,213.02860613776457,150.98131667210927,140.67593377557125,3,300.0,2026-09-14,eBay,20,liq,True,0.14078541689582635,0.04125045980765041,0.2842974609606752,155.5,3,91.96589938122824,76.00487552167624,0.921896264153468,-0.0682560142121329,167.06,0.07023996629826135,37,500,800,2786,0.013280689160086146,500,True
Neo Genesis|8|Kingdra|unl|EN,Neo Genesis,8,Kingdra,unl,EN,10,3374.996362630854,2344.2934447864764,5962.244065447408,2490.665211344355,2024.8444025934587,3,3999.99,2026-09-28,eBay,5,mid,True,0.21684374260601003,0.3735322370049037,2.6991638813315046,2799.995,2,1719.1485261767496,1420.783905931198,0.18518349954070912,-0.18702666525761857,1596.05,-0.5270957866289794,37,500,800,2786,0.013280689160086146,37,True
Neo Genesis|9|Lugia|1st|EN,Neo Genesis,9,Lugia,1st,EN,8,5899.999999999999,4824.759516941959,8143.599399053031,5899.999999999999,6007.157723027479,3,6900.0,2026-09-27,eBay,18,liq,True,0.12439467024265716,0.05762514834605481,-0.21450382503005305,6600.0,17,3538.15697909077,2924.096676934521,0.16949152542372903,0.018162325936861068,6155.65,0.04333050847457631,45,598,1688,6357,0.0070788107597923545,1688,True
Neo Genesis|9|Lugia|1st|EN,Neo Genesis,9,Lugia,1st,EN,9,16549.322044007866,13295.794419836519,22585.349779936652,16420.689999999995,16123.650345676046,3,19450.0,2026-09-22,eBay,9,liq,True,0.14078541689582635,0.08777688673633244,0.30879648368319623,17000.0,8,9750.249241213447,8058.057224143345,0.17527473018403206,-0.01808935278139645,18487.19,0.11709651614966243,45,598,1688,6357,0.0070788107597923545,598,True
Neo Genesis|9|Lugia|1st|EN,Neo Genesis,9,Lugia,1st,EN,10,481814.6038802363,334671.4177192061,851170.1803410323,461832.9597788979,182770.55799300922,3,360000.0,2026-08-31,Fanatics Collect,3,mid,True,0.21684374260601003,0.3735322370049037,2.6991638813315046,360000.0,1,245425.7063274178,202831.16225406431,-0.2528246402230587,-0.6042496445457023,360000.0,-0.2528246402230587,45,598,1688,6357,0.0070788107597923545,45,True
Neo Genesis|9|Lugia|unl|EN,Neo Genesis,9,Lugia,unl,EN,8,1234.0484692526604,1009.1503553210891,1703.3214190861493,1234.0484692526604,1428.5470088159589,3,1500.0,2026-09-25,eBay,19,liq,True,0.12439467024265716,0.0700565610152124,-0.21400958823908556,1150.0,11,740.0435939021321,611.6062759521753,0.21551141415733843,0.15761012991741463,1170.96,-0.051123169652215306,15,491,1945,10501,0.0014284353871059899,1945,True
Neo Genesis|9|Lugia|unl|EN,Neo Genesis,9,Lugia,unl,EN,9,3193.9341138965683,2566.0200010578333,4358.856450107264,3084.0820695499388,3350.171710755127,3,2750.0,2026-08-27,eBay,12,liq,True,0.14078541689582635,0.04125045980765041,0.2842974609606752,2750.0,1,1881.7480007757445,1555.1636370047474,-0.13899288403134058,0.08627839182114205,3266.68,0.0227762638518183,15,491,1945,10501,0.0014284353871059899,491,True
Neo Genesis|9|Lugia|unl|EN,Neo Genesis,9,Lugia,unl,EN,10,67818.64419620721,46252.54303703504,214021.35540616186,179999.99999999997,67818.64419620721,3,180000.0,2026-09-14,Fanatics Collect,1,thin,False,0.42913093778099176,0.3735322370049037,2.6991638813315046,180000.0,1,33918.53156049236,28031.84426486972,1.6541374003178109,-0.6232297544655154,102476.19,0.511032714005967,15,491,1945,10501,0.0014284353871059899,15,True
Team Rocket|10|Dark Machamp|1st|EN,Team Rocket,10,Dark Machamp,1st,EN,8,180.0,147.19605305924614,248.4487952253468,180.0,193.06178023654417,3,228.25,2026-09-26,eBay,15,liq,True,0.12439467024265716,0.014223575202969352,-0.2199783237144659,184.99,8,107.94377224344717,89.20972912681584,0.2680555555555555,0.0725654457585787,210.88,0.17155555555555546,256,1579,1483,4582,0.055870798777826275,1483,False
Team Rocket|10|Dark Machamp|1st|EN,Team Rocket,10,Dark Machamp,1st,EN,9,365.3311520384215,293.5085727226898,498.57823978248786,365.8381723184127,386.2563738392501,3,275.0,2026-09-21,eBay,18,liq,True,0.14078541689582635,0.03358225783193869,0.2746288006529338,385.0,10,215.2396199966392,177.88398346829686,-0.24725827932932876,0.05581211329436142,357.06,-0.022640149881200555,256,1579,1483,4582,0.055870798777826275,1579,False
Team Rocket|10|Dark Machamp|1st|EN,Team Rocket,10,Dark Machamp,1st,EN,10,3999.9999999999995,3064.1415396318866,6644.3149587650805,3999.9999999999995,3444.7188075738627,3,4000.0,2026-09-24,Fanatics Collect,26,liq,True,0.18619896859624596,0.2250234538958542,1.7408452158074832,3400.0,5,2247.037129063384,1857.05547856478,2.220446049250313e-16,-0.13882029810653418,3564.63,-0.10884249999999984,256,1579,1483,4582,0.055870798777826275,256,False
Team Rocket|10|Dark Machamp|unl|EN,Team Rocket,10,Dark Machamp,unl,EN,8,97.1446425343208,79.44059976057434,134.08594111249434,97.1446425343208,92.00339901419491,3,91.0,2026-09-28,eBay,14,liq,True,0.12439467024265716,0.07938491704800854,-0.20655553154577588,110.0,5,58.25643982442119,48.14581803671173,-0.06325251062764392,-0.052923592964063904,96.41,-0.007562357688034593,49,695,1072,3477,0.014092608570606844,1072,True
Team Rocket|10|Dark Machamp|unl|EN,Team Rocket,10,Dark Machamp,unl,EN,9,176.57012859811528,141.85717845612092,240.9704823238216,175.00000000000006,178.15434464659955,3,175.0,2026-09-27,eBay,20,liq,True,0.14078541689582635,0.06510830238337961,0.3072795458410622,159.95,6,104.02859753448868,85.9740475491642,-0.008892379535436534,0.01802482655199711,173.89,-0.015178833585240414,49,695,1072,3477,0.014092608570606844,695,True
Team Rocket|10|Dark Machamp|unl|EN,Team Rocket,10,Dark Machamp,unl,EN,10,1890.371365940819,1289.2396183297078,5965.613833109887,4450.24444789589,1890.371365940819,3,3240.0,2026-06-27,eBay,3,thin,False,0.42913093778099176,0.3735322370049037,2.6991638813315046,,0,945.4423867751192,781.3573444422473,0.7139489406027286,-0.5752207798754512,3240.0,0.7139489406027286,49,695,1072,3477,0.014092608570606844,49,True
Team Rocket|11|Dark Magneton|1st|EN,Team Rocket,11,Dark Magneton,1st,EN,8,148.59966834598387,121.51824814689898,205.10782539692107,148.59966834598387,193.14854909678948,3,245.81,2026-09-26,eBay,13,liq,True,0.12439467024265716,0.014223575202969352,-0.2199783237144659,160.0,11,89.1133819743926,73.64742311933273,0.654175966447528,0.29979125287872566,152.27,0.024699460603576417,66,1010,1816,4660,0.014163090128755365,1816,True
Team Rocket|11|Dark Magneton|1st|EN,Team Rocket,11,Dark Magneton,1st,EN,9,500.1643978249465,401.8341652859224,682.5891624024543,473.1076014179385,540.2314000959753,3,425.0,2026-09-21,eBay,15,liq,True,0.14078541689582635,0.03358225783193869,0.2746288006529338,450.0,6,294.6783878763431,243.53585774904388,-0.15027938444201983,0.14187850391086898,511.03,0.021724061573163755,66,1010,1816,4660,0.014163090128755365,1010,True
Team Rocket|11|Dark Magneton|1st|EN,Team Rocket,11,Dark Magneton,1st,EN,10,33037.90819749222,25308.206722620187,54878.566910726266,30319.538279608973,10129.786027492433,2,36000.0,2026-09-24,Fanatics Collect,7,liq,True,0.18619896859624596,0.3735322370049037,2.6991638813315046,27600.0,3,18559.351596588138,15338.307104618296,0.0896573652545174,-0.6658990669951892,8900.0,-0.7306124847009665,66,1010,1816,4660,0.014163090128755365,66,True
Team Rocket|11|Dark Magneton|unl|EN,Team Rocket,11,Dark Magneton,unl,EN,8,92.46007591507535,75.60976800142976,127.61996926413651,92.46007591507535,95.42623168463389,2,105.0,2026-09-18,eBay,19,liq,True,0.12439467024265716,0.07938491704800854,-0.20655553154577588,105.0,6,55.44716320104849,45.82410181904834,0.13562528432750343,0.032080395134900686,116.44,0.2593543629247095,6,323,892,2821,0.0021269053527118043,892,True
Team Rocket|11|Dark Magneton|unl|EN,Team Rocket,11,Dark Magneton,unl,EN,9,245.61544261582156,197.32847198653286,335.1986666330446,269.7956796368295,232.181621253941,2,223.5,2026-09-21,eBay,11,liq,True,0.14078541689582635,0.06510830238337961,0.3072795458410622,246.5,3,144.70754612345743,119.59301332517144,-0.0900409289427837,-0.13941682992670823,247.31,0.006899229812797225,6,323,892,2821,0.0021269053527118043,323,True
Team Rocket|12|Dark Slowbro|1st|EN,Team Rocket,12,Dark Slowbro,1st,EN,8,195.6563806338303,159.9991499175408,270.0588447034834,195.6563806338303,203.83598652114452,3,198.5,2026-08-30,eBay,13,liq,True,0.12439467024265716,0.014223575202969352,-0.2199783237144659,198.5,3,117.33270993952992,96.96918176820655,0.01453374204796054,0.04180597566415312,197.1,0.00737834034082141,285,1683,1307,4398,0.06480218281036836,1307,False
Team Rocket|12|Dark Slowbro|1st|EN,Team Rocket,12,Dark Slowbro,1st,EN,9,383.2515117698715,307.90586454438994,523.0346852876762,361.74345441860027,380.5863493573086,3,500.0,2026-09-28,eBay,21,liq,True,0.14078541689582635,0.03358225783193869,0.2746288006529338,401.0,8,225.7976339992193,186.60961487538785,0.3046262953823171,0.052089110966756724,432.62,0.12881485581659602,285,1683,1307,4398,0.06480218281036836,1683,False
Team Rocket|12|Dark Slowbro|1st|EN,Team Rocket,12,Dark Slowbro,1st,EN,10,3950.3121395656854,3026.078880338833,6561.779510176893,3800.0000000000014,3836.3230759292164,3,4106.57,2026-09-23,eBay,53,liq,True,0.18619896859624596,0.2250234538958542,1.7408452158074832,3739.0,15,2219.124512248478,1833.9872002053537,0.03955582620149456,0.009558704191898748,3592.97,-0.09045921611778596,285,1683,1307,4398,0.06480218281036836,285,False
Team Rocket|12|Dark Slowbro|unl|EN,Team Rocket,12,Dark Slowbro,unl,EN,8,97.1446425343208,79.44059976057434,134.08594111249434,97.1446425343208,101.07162445309913,3,101.0,2026-09-23,eBay,17,liq,True,0.12439467024265716,0.07938491704800854,-0.20655553154577588,96.0,7,58.25643982442119,48.14581803671173,0.039686773918768736,0.04042407091457423,102.61,0.05625999873074128,42,562,993,3023,0.013893483294740324,993,True
Team Rocket|12|Dark Slowbro|unl|EN,Team Rocket,12,Dark Slowbro,unl,EN,9,158.7577628215655,127.54664942863788,216.66141936633252,158.0,161.18551798603715,3,150.0,2026-09-21,eBay,10,liq,True,0.14078541689582635,0.06510830238337961,0.3072795458410622,158.0,5,93.53420958100112,77.30099965371994,-0.05516431238331776,0.020161506240741423,191.82,0.20825587732421313,42,562,993,3023,0.013893483294740324,562,True
Team Rocket|12|Dark Slowbro|unl|EN,Team Rocket,12,Dark Slowbro,unl,EN,10,3110.162324218179,2160.3380760988475,5494.390176377262,2191.1672707851994,1697.0249921917045,3,3999.99,2026-09-25,eBay,4,mid,True,0.21684374260601003,0.3735322370049037,2.6991638813315046,3999.99,1,1584.2479224724882,1309.2958036962714,0.28610329076811203,-0.2255155437843046,1447.0,-0.5347509714420641,42,562,993,3023,0.013893483294740324,42,True
Team Rocket|13|Dark Vileplume|1st|EN,Team Rocket,13,Dark Vileplume,1st,EN,8,117.8955114075644,96.40974418108225,162.72776539825279,117.8955114075644,128.52237262272027,3,117.5,2026-08-27,eBay,17,liq,True,0.12439467024265716,0.014223575202969352,-0.2199783237144659,110.125,2,70.70047906612699,58.4301479885347,-0.003354762219887397,0.09013796274583208,154.23,0.30819229806661075,191,1503,1245,3975,0.048050314465408805,1245,False
Team Rocket|13|Dark Vileplume|1st|EN,Team Rocket,13,Dark Vileplume,1st,EN,9,211.42285473945313,169.85800414032926,288.53502959610523,193.37713042917315,211.01814854284476,3,305.0,2026-09-28,eBay,18,liq,True,0.14078541689582635,0.03358225783193869,0.2746288006529338,195.0,13,124.5625363695748,102.9442449335329,0.44260657333317455,0.09122597938298016,247.44,0.17035596887069082,191,1503,1245,3975,0.048050314465408805,1503,False
Team Rocket|13|Dark Vileplume|1st|EN,Team Rocket,13,Dark Vileplume,1st,EN,10,2720.8722224114117,2084.2844001803323,4519.583002064133,2235.667803359934,1944.3572670924864,3,3311.38,2026-09-25,eBay,18,liq,True,0.18619896859624596,0.2250234538958542,1.7408452158074832,1999.0,5,1528.4752267989104,1263.202666775959,0.21702885299966135,-0.13030135149311706,2904.12,0.06734890969123941,191,1503,1245,3975,0.048050314465408805,191,False
Team Rocket|13|Dark Vileplume|unl|EN,Team Rocket,13,Dark Vileplume,unl,EN,8,86.35079336384068,70.61386645384384,119.18750321110603,86.35079336384068,78.77117230479524,3,109.99,2026-09-20,eBay,13,liq,True,0.12439467024265716,0.07938491704800854,-0.20655553154577588,90.0,5,51.78350206615215,42.796282699299304,0.2737578395667435,-0.08777708650699434,96.71,0.1199665484544028,22,426,808,2458,0.008950366151342554,808,True
Team Rocket|13|Dark Vileplume|unl|EN,Team Rocket,13,Dark Vileplume,unl,EN,9,151.40385115744368,110.94247868756985,225.8566378247371,140.2612976152525,121.98939084928617,3,149.0,2026-08-29,eBay,6,mid,True,0.15387874563265913,0.06510830238337961,0.3072795458410622,149.0,1,81.3578177042179,67.23786587125446,-0.015877080662525134,-0.1302704814273683,173.92,0.1487158263837156,22,426,808,2458,0.008950366151342554,426,True
Team Rocket|13|Dark Vileplume|unl|EN,Team Rocket,13,Dark Vileplume,unl,EN,10,1261.3583985524263,860.2506627142868,3980.5814066426474,1721.8600123093465,1261.3583985524263,3,1253.6,2026-06-15,eBay,2,thin,False,0.42913093778099176,0.3735322370049037,2.6991638813315046,,0,630.8504859904771,521.3640380086588,-0.006150827997284614,-0.2674442814542738,2399.15,0.902036727034393,22,426,808,2458,0.008950366151342554,22,True
Team Rocket|14|Dark Weezing|1st|EN,Team Rocket,14,Dark Weezing,1st,EN,8,99.98999999999997,81.76740747441119,138.01330574768008,99.98999999999997,99.4306629845715,3,99.99,2026-09-25,eBay,14,liq,True,0.12439467024265716,0.014223575202969352,-0.2199783237144659,99.99,8,59.962765481234875,49.55600452994618,2.220446049250313e-16,-0.005593929547239362,94.81,-0.0518051805180515,554,1678,906,3691,0.1500948252506096,906,False
Team Rocket|14|Dark Weezing|1st|EN,Team Rocket,14,Dark Weezing,1st,EN,9,175.9368879024354,141.34843023757475,240.10627999766055,178.72953831344347,172.94462499657863,3,179.99,2026-09-24,eBay,18,liq,True,0.14078541689582635,0.03358225783193869,0.2746288006529338,179.99,10,103.65551550755482,85.66571529549985,0.023037306990517203,-0.03236685648859938,202.58,0.15143562225756413,554,1678,906,3691,0.1500948252506096,1678,False
Team Rocket|14|Dark Weezing|1st|EN,Team Rocket,14,Dark Weezing,1st,EN,10,1506.3219315393055,1153.8959006220302,2502.1193356106296,1171.6681958918402,1170.8229624849816,3,1936.56,2026-09-27,eBay,76,liq,True,0.18619896859624596,0.2250234538958542,1.7408452158074832,1500.0,17,846.1903271228223,699.3308488618367,0.2856215922057481,-0.0007213931468159629,1521.74,0.010235573244916418,554,1678,906,3691,0.1500948252506096,554,False
Team Rocket|14|Dark Weezing|unl|EN,Team Rocket,14,Dark Weezing,unl,EN,8,46.749367461635934,38.22956874093978,64.52680012994709,46.749367461635934,44.36259613648866,3,58.0,2026-09-04,eBay,16,liq,True,0.12439467024265716,0.07938491704800854,-0.20655553154577588,50.05,5,28.035017076689176,23.169435600569567,0.24065849762773173,-0.05105462286962348,44.46,-0.04897108957708707,167,1003,1072,3654,0.045703338806787085,1072,False
Team Rocket|14|Dark Weezing|unl|EN,Team Rocket,14,Dark Weezing,unl,EN,9,81.08653801306906,65.14526315767627,110.66119920799964,79.87247159572962,81.5365139451183,3,80.0,2026-07-09,eBay,20,liq,True,0.14078541689582635,0.06510830238337961,0.3072795458410622,,0,47.77319298229593,39.48197767131895,-0.01339973366348357,0.020833740538431567,90.76,0.11929800215877795,167,1003,1072,3654,0.045703338806787085,1003,False
Team Rocket|14|Dark Weezing|unl|EN,Team Rocket,14,Dark Weezing,unl,EN,10,622.7681988475989,424.73000250433006,1965.325252383491,531.4167355704079,622.7681988475989,3,379.47,2026-03-09,eBay,4,thin,False,0.42913093778099176,0.2250234538958542,1.7408452158074832,,0,311.4686685031754,257.4121227298971,-0.39067216228736457,0.1719017433260488,619.1,-0.00589015119010039,167,1003,1072,3654,0.045703338806787085,167,False
Team Rocket|15|Here Comes Team Rocket!|1st|EN,Team Rocket,15,Here Comes Team Rocket!,1st,EN,8,92.30967701698661,75.48677842263463,127.41237801395116,92.30967701698661,89.46430723014245,3,75.0,2026-09-14,eBay,19,liq,True,0.12439467024265716,0.014223575202969352,-0.2199783237144659,83.99,5,55.3569708432654,45.74956268038463,-0.18751746920099532,-0.030824176606322196,98.58,0.06792703848221171,808,1502,714,3460,0.23352601156069364,714,False
Team Rocket|15|Here Comes Team Rocket!|1st|EN,Team Rocket,15,Here Comes Team Rocket!,1st,EN,9,142.93130163168422,114.8316044367874,195.06257919623113,147.22793957269758,147.09027942614873,3,110.0,2026-09-23,eBay,24,liq,True,0.14078541689582635,0.03358225783193869,0.2746288006529338,125.0,11,84.2098432536441,69.59491177987115,-0.23039950840540158,-0.000935013740927082,144.16,0.008596426075248242,808,1502,714,3460,0.23352601156069364,1502,False
Team Rocket|15|Here Comes Team Rocket!|1st|EN,Team Rocket,15,Here Comes Team Rocket!,1st,EN,10,748.2028265169913,573.1498402001753,1242.82380810429,746.4199117428434,678.0965023838519,3,749.99,2026-09-27,eBay,84,liq,True,0.18619896859624596,0.2250234538958542,1.7408452158074832,690.0,13,420.3098828134619,347.3635395152578,0.002388621667373636,-0.09153481610566983,684.31,-0.0853950616765552,808,1502,714,3460,0.23352601156069364,808,False
Team Rocket|15|Here Comes Team Rocket!|unl|EN,Team Rocket,15,Here Comes Team Rocket!,unl,EN,8,49.738056977572235,40.67358707741407,68.65200184959711,49.738056977572235,41.619898401903335,3,53.0,2026-09-22,eBay,18,liq,True,0.12439467024265716,0.07938491704800854,-0.20655553154577588,41.379999999999995,4,29.827297190103653,24.65065883479641,0.06558243768747607,-0.1632182491432973,47.7,-0.04097580608127149,224,716,535,1977,0.11330298431967628,535,False
Team Rocket|15|Here Comes Team Rocket!|unl|EN,Team Rocket,15,Here Comes Team Rocket!,unl,EN,9,66.6953540990896,53.583325921243706,91.02112443150389,66.5366830775678,64.1179276612501,3,82.0,2026-09-09,eBay,20,liq,True,0.14078541689582635,0.06510830238337961,0.3072795458410622,55.0,3,39.29443900891206,32.47474298257195,0.22947094453044237,-0.036352209103930444,103.98,0.5590291318570171,224,716,535,1977,0.11330298431967628,716,False
Team Rocket|15|Here Comes Team Rocket!|unl|EN,Team Rocket,15,Here Comes Team Rocket!,unl,EN,10,322.54674098074764,247.08221687799866,535.7755339998268,326.96313560231744,388.31253424164527,3,318.19,2026-09-27,eBay,17,liq,True,0.18619896859624596,0.2250234538958542,1.7408452158074832,318.19,3,181.19362571053236,149.746798107878,-0.01350731669928018,0.1876339928240307,310.38,-0.037720861614515155,224,716,535,1977,0.11330298431967628,224,False
Team Rocket|16|Rocket's Sneak Attack|1st|EN,Team Rocket,16,Rocket's Sneak Attack,1st,EN,8,70.90787907380916,57.985332947039005,97.87209515484702,70.90787907380916,65.68354032397704,3,79.99,2026-09-06,eBay,16,liq,True,0.12439467024265716,0.014223575202969352,-0.2199783237144659,66.58500000000001,4,42.52257749449527,35.14262602850849,0.1280833814918807,-0.07367783126602923,77.96,0.09945468709972505,370,1384,818,3075,0.12032520325203253,818,False
Team Rocket|16|Rocket's Sneak Attack|1st|EN,Team Rocket,16,Rocket's Sneak Attack,1st,EN,9,109.81051871721198,88.22222917151468,149.86166612441409,112.63114964423052,107.06052507705033,3,107.13,2026-08-30,eBay,21,liq,True,0.14078541689582635,0.03358225783193869,0.2746288006529338,111.065,2,64.69630139244411,53.46801767970588,-0.024410400283373157,-0.04945900476711984,116.44,0.06037200589007785,370,1384,818,3075,0.12032520325203253,1384,False
Team Rocket|16|Rocket's Sneak Attack|1st|EN,Team Rocket,16,Rocket's Sneak Attack,1st,EN,10,659.4515660757886,505.163234247031,1095.4009762646053,695.8133218128455,697.4033582890323,3,624.99,2026-09-18,eBay,39,liq,True,0.18619896859624596,0.2250234538958542,1.7408452158074832,635.0,7,370.4530384478228,306.15953590729157,-0.05225791831970272,0.0022851480797236867,642.81,-0.025235463727560692,370,1384,818,3075,0.12032520325203253,370,False
Team Rocket|16|Rocket's Sneak Attack|unl|EN,Team Rocket,16,Rocket's Sneak Attack,unl,EN,8,51.545834579134166,42.15190778718533,71.14722500039395,51.545834579134166,42.888277701898936,3,60.69,2026-08-17,eBay,17,liq,True,0.12439467024265716,0.07938491704800854,-0.20655553154577588,60.69,1,30.911399043935912,25.546610780112324,0.17739872669686885,-0.16795841890859253,68.1,0.32115428057434103,78,543,550,1781,0.043795620437956206,550,True
Team Rocket|16|Rocket's Sneak Attack|unl|EN,Team Rocket,16,Rocket's Sneak Attack,unl,EN,9,67.45335541899965,54.1923073461437,92.05559127542037,70.16543312313162,63.98937633438713,3,74.99,2026-09-10,eBay,11,liq,True,0.14078541689582635,0.06510830238337961,0.3072795458410622,67.75,2,39.74102538717205,32.84382263402649,0.11173120349884758,-0.08802135914854647,70.66,0.04753869634922747,78,543,550,1781,0.043795620437956206,543,True
Team Rocket|16|Rocket's Sneak Attack|unl|EN,Team Rocket,16,Rocket's Sneak Attack,unl,EN,10,457.0416578940387,317.4639755048911,807.4064738596659,395.6882169838983,433.36193816216894,3,308.44,2026-08-13,eBay,6,mid,True,0.21684374260601003,0.3735322370049037,2.6991638813315046,308.44,1,232.80691537025348,192.4024093969037,-0.32513810355661443,0.09521062180075912,358.66,-0.21525752892496208,78,543,550,1781,0.043795620437956206,78,True
Team Rocket|17|Rainbow Energy|1st|EN,Team Rocket,17,Rainbow Energy,1st,EN,8,49.53322278199465,40.506082715633035,68.36927513230707,49.53322278199465,62.9825226527247,3,46.0,2026-08-30,eBay,20,liq,True,0.12439467024265716,0.014223575202969352,-0.2199783237144659,60.0,3,29.704460658130895,24.5491410397776,-0.07133036341174592,0.2715207918112461,50.9,0.027593141355263695,99,1002,968,2957,0.03347987825498817,968,True
Team Rocket|17|Rainbow Energy|1st|EN,Team Rocket,17,Rainbow Energy,1st,EN,9,134.592239421774,108.13196704364492,183.6820140983595,135.69158783588284,138.99453484482865,3,105.5,2026-08-18,eBay,20,liq,True,0.14078541689582635,0.03358225783193869,0.2746288006529338,132.5,3,79.29677583200628,65.53452548099692,-0.21615094263055645,0.024341575344675626,120.1,-0.10767514890928753,99,1002,968,2957,0.03347987825498817,1002,True
Team Rocket|17|Rainbow Energy|1st|EN,Team Rocket,17,Rainbow Energy,1st,EN,10,1928.2478438860471,1477.1060792892133,3202.9714983346444,2174.350729503622,1636.8405207545827,2,1710.0,2026-09-28,Fanatics Collect,20,liq,True,0.18619896859624596,0.3735322370049037,2.6991638813315046,1710.0,5,1083.2111248120898,895.2158056298263,-0.1131845393101577,-0.2472049248796887,1880.95,-0.02452892351780178,99,1002,968,2957,0.03347987825498817,99,True
Team Rocket|17|Rainbow Energy|unl|EN,Team Rocket,17,Rainbow Energy,unl,EN,8,45.8287037822931,37.47669063097162,63.256034674722294,45.8287037822931,38.237427300379146,2,37.0,2026-09-11,eBay,11,liq,True,0.12439467024265716,0.07938491704800854,-0.20655553154577588,43.0,2,27.48290646271252,22.713145836952496,-0.19264572317457196,-0.1656445820064194,39.82,-0.1311122350489583,17,259,526,1637,0.010384850335980453,526,True
Team Rocket|17|Rainbow Energy|unl|EN,Team Rocket,17,Rainbow Energy,unl,EN,9,96.91029238660992,71.0118531696216,144.56589209405874,93.33523152209503,76.2986181185406,2,85.0,2026-05-17,eBay,5,mid,True,0.15387874563265913,0.06510830238337961,0.3072795458410622,,0,52.07535899105584,43.03748676946764,-0.12290018008712111,-0.18253143133331584,94.65,-0.023323553473482472,17,259,526,1637,0.010384850335980453,259,True
Team Rocket|17|Rainbow Energy|unl|EN,Team Rocket,17,Rainbow Energy,unl,EN,10,902.2450971024339,615.334185433598,2847.295472787202,3273.14768838615,902.2450971024339,3,960.0,2025-10-02,eBay,1,thin,False,0.42913093778099176,0.3735322370049037,2.6991638813315046,,0,451.2450693179719,372.9298093536958,0.06401243196892548,-0.7243494082763822,1230.0,0.3632659284601858,17,259,526,1637,0.010384850335980453,17,True
Team Rocket|1|Dark Alakazam|1st|EN,Team Rocket,1,Dark Alakazam,1st,EN,8,250.8314799725705,205.1189101942873,346.2154389098658,250.8314799725705,279.895657830628,3,300.0,2026-09-13,eBay,19,liq,True,0.12439467024265716,0.014223575202969352,-0.2199783237144659,255.0,10,150.42053414247738,124.31449102684081,0.19602212622118365,0.11587133266221539,282.0,0.12426079864791273,310,1844,1621,5399,0.05741804037784775,1621,False
Team Rocket|1|Dark Alakazam|1st|EN,Team Rocket,1,Dark Alakazam,1st,EN,9,460.5323170719259,369.9935861539628,628.5020883861648,465.1503948161194,468.764271686567,3,405.0,2026-09-21,eBay,13,liq,True,0.14078541689582635,0.03358225783193869,0.2746288006529338,455.91,11,271.3286298462394,224.23853706300775,-0.12058288856904009,0.007769265404743431,411.72,-0.10599107872011149,310,1844,1621,5399,0.05741804037784775,1844,False
Team Rocket|1|Dark Alakazam|1st|EN,Team Rocket,1,Dark Alakazam,1st,EN,10,5332.912206290296,4085.1994546260075,8858.387086508876,4739.999999999999,4176.581073787494,3,5999.99,2026-09-23,eBay,40,liq,True,0.18619896859624596,0.2250234538958542,1.7408452158074832,5225.0,10,2995.8129333924057,2475.8784573490957,0.12508696335238167,-0.11886475236550753,5319.64,-0.002488735193247882,310,1844,1621,5399,0.05741804037784775,310,False
Team Rocket|1|Dark Alakazam|unl|EN,Team Rocket,1,Dark Alakazam,unl,EN,8,114.57175945573275,93.691726577429,158.14008668680574,114.57175945573275,110.0606093177448,3,85.49,2026-09-22,eBay,17,liq,True,0.12439467024265716,0.07938491704800854,-0.20655553154577588,85.49,5,68.70726615678127,56.782864592381216,-0.25383008512642347,-0.03937401467358037,116.47,0.016568136452514537,65,817,1326,4345,0.014959723820483314,1326,True
Team Rocket|1|Dark Alakazam|unl|EN,Team Rocket,1,Dark Alakazam,unl,EN,9,219.60061461923115,176.4280505680427,299.6954606282631,203.1413862539714,240.46361797217133,3,190.5,2026-09-27,eBay,17,liq,True,0.14078541689582635,0.06510830238337961,0.3072795458410622,190.5,7,129.38057041656467,106.92609125335923,-0.1325160891270234,0.1837253964169514,198.01,-0.09831764203696536,65,817,1326,4345,0.014959723820483314,817,True
Team Rocket|1|Dark Alakazam|unl|EN,Team Rocket,1,Dark Alakazam,unl,EN,10,5345.206821237529,3712.813871682883,9442.803554214743,4999.990000000002,2525.7704540850277,3,4999.99,2026-09-01,eBay,2,mid,True,0.21684374260601003,0.3735322370049037,2.6991638813315046,4999.99,1,2722.730172567448,2250.1902252623536,-0.06458437115396853,-0.49484489887279237,2731.9,-0.4889065865242783,65,817,1326,4345,0.014959723820483314,65,True
Team Rocket|2|Dark Arbok|1st|EN,Team Rocket,2,Dark Arbok,1st,EN,8,107.04999999999997,87.54076377773495,147.75801960485202,107.04999999999997,108.65878208809194,3,107.08,2026-09-27,eBay,21,liq,True,0.12439467024265716,0.014223575202969352,-0.2199783237144659,107.08,11,64.1965601036723,53.055008350142394,0.0002802428771604415,0.015028324036356677,106.86,-0.0017748715553477235,294,1715,1332,4374,0.06721536351165981,1332,False
Team Rocket|2|Dark Arbok|1st|EN,Team Rocket,2,Dark Arbok,1st,EN,9,192.59295395620643,154.72998324048726,262.8373064881599,188.15072149865506,192.85558454750563,3,210.0,2026-09-26,eBay,19,liq,True,0.14078541689582635,0.03358225783193869,0.2746288006529338,210.0,13,113.46865437635734,93.77574741847714,0.0903825694877276,0.025005819862796486,242.43,0.25876879200433245,294,1715,1332,4374,0.06721536351165981,1715,False
Team Rocket|2|Dark Arbok|1st|EN,Team Rocket,2,Dark Arbok,1st,EN,10,2557.706696881321,1959.2938340271778,4248.552216555546,1869.1038706490183,1870.6273453878482,2,3500.0,2026-09-28,eBay,38,liq,True,0.18619896859624596,0.2250234538958542,1.7408452158074832,2999.99,10,1436.8154782865972,1187.4508085013201,0.3684133541455876,0.0008150829725159792,2297.47,-0.1017461060717535,294,1715,1332,4374,0.06721536351165981,294,False
Team Rocket|2|Dark Arbok|unl|EN,Team Rocket,2,Dark Arbok,unl,EN,8,55.89598283456472,45.70926697286279,77.15160885102371,55.89598283456472,53.48286429606995,2,80.0,2026-09-26,eBay,17,liq,True,0.12439467024265716,0.07938491704800854,-0.20655553154577588,59.0,16,33.520129113432716,27.702586044159272,0.4312298656018969,-0.04317159151914152,70.65,0.2639548750596754,51,822,1619,5358,0.009518477043673012,1619,True
Team Rocket|2|Dark Arbok|unl|EN,Team Rocket,2,Dark Arbok,unl,EN,9,110.21787947551977,88.54950450537822,150.41760341227013,115.19697975439529,103.15161260766452,2,128.64,2026-09-08,eBay,12,liq,True,0.14078541689582635,0.06510830238337961,0.3072795458410622,128.32,2,64.93630330394403,53.66636636689589,0.16714275952452806,-0.10456322008104713,117.61,0.06706825208084388,51,822,1619,5358,0.009518477043673012,822,True
Team Rocket|2|Dark Arbok|unl|EN,Team Rocket,2,Dark Arbok,unl,EN,10,895.836113714418,610.9632372453648,2827.070071236703,762.2191392974687,895.836113714418,3,560.0,2026-03-30,eBay,1,thin,False,0.42913093778099176,0.3735322370049037,2.6991638813315046,,0,448.03970731326757,370.2807498456757,-0.37488566108586086,0.17529994660079384,1225.72,0.3682413348104261,51,822,1619,5358,0.009518477043673012,51,True
Team Rocket|3|Dark Blastoise|1st|EN,Team Rocket,3,Dark Blastoise,1st,EN,8,632.1206143554518,516.9203305028241,872.4978059651003,632.1206143554518,701.4878099931756,3,525.0,2026-09-13,eBay,12,liq,True,0.12439467024265716,0.014223575202969352,-0.2199783237144659,630.0,7,379.07490903540435,313.2850487895904,-0.1694623018499064,0.10973727808015665,664.11,0.05060645851134993,228,2129,2610,8093,0.02817249474854813,2610,False
Team Rocket|3|Dark Blastoise|1st|EN,Team Rocket,3,Dark Blastoise,1st,EN,9,1445.0903397426814,1160.991611874954,1972.1575723709711,1358.8558691168698,1522.2581475586055,3,1425.0,2026-09-28,eBay,18,liq,True,0.14078541689582635,0.03358225783193869,0.2746288006529338,1425.0,9,851.3938487082997,703.6312799242147,-0.013902480135780881,0.12024989710493128,1410.59,-0.023874175055951685,228,2129,2610,8093,0.02817249474854813,2129,False
Team Rocket|3|Dark Blastoise|1st|EN,Team Rocket,3,Dark Blastoise,1st,EN,10,21841.016459862876,16730.991450612404,36279.648094725315,15901.000000000004,14687.038284138758,2,30000.0,2026-09-26,eBay,21,liq,True,0.18619896859624596,0.2250234538958542,1.7408452158074832,16200.0,8,12269.393730449097,10139.994818552974,0.37356244637839287,-0.07634499187857646,22205.92,0.01670725997609601,228,2129,2610,8093,0.02817249474854813,228,False
Team Rocket|3|Dark Blastoise|unl|EN,Team Rocket,3,Dark Blastoise,unl,EN,8,279.9999999999999,228.97163809216056,386.4759036838726,279.9999999999999,295.86511209565583,2,269.99,2026-09-27,eBay,20,liq,True,0.12439467024265716,0.07938491704800854,-0.20655553154577588,269.99,13,167.91253460091775,138.77068975282458,-0.035749999999999615,0.05666111462734258,285.05,0.01803571428571482,65,1131,2675,10125,0.006419753086419753,2675,True
Team Rocket|3|Dark Blastoise|unl|EN,Team Rocket,3,Dark Blastoise,unl,EN,9,562.230264021166,451.6981412989346,767.2922876246695,598.2802143001193,528.3525382016741,2,570.0,2026-08-26,eBay,10,liq,True,0.14078541689582635,0.06510830238337961,0.3072795458410622,570.0,4,331.24530361921876,273.7564492720816,0.013819490831503023,-0.1168811443651836,493.73,-0.12183667156449485,65,1131,2675,10125,0.006419753086419753,1131,True
Team Rocket|3|Dark Blastoise|unl|EN,Team Rocket,3,Dark Blastoise,unl,EN,10,5518.697867543386,3763.7704742145092,17415.84798232789,10381.299251448374,5518.697867543386,3,1499.99,2024-10-13,eBay,0,thin,False,0.42913093778099176,0.3735322370049037,2.6991638813315046,,0,2760.098347757307,2281.0730146754604,-0.7281985649510269,-0.468400078460947,3965.0,-0.2815334169099938,65,1131,2675,10125,0.006419753086419753,65,True
Team Rocket|4|Dark Charizard|1st|EN,Team Rocket,4,Dark Charizard,1st,EN,8,1264.087845396503,1033.7152309029543,1744.7839013764756,1264.087845396503,1313.3459924610136,3,1100.0,2026-09-28,eBay,16,liq,True,0.12439467024265716,0.014223575202969352,-0.2199783237144659,1250.7,11,758.0578359954999,626.4940793351238,-0.1298073120424903,0.03896734490715703,1268.08,0.0031581306774171036,554,3489,2796,10858,0.05102228771412783,2796,False
Team Rocket|4|Dark Charizard|1st|EN,Team Rocket,4,Dark Charizard,1st,EN,9,2750.0578729913263,2209.4079760315412,3753.085402012987,2786.0780972389707,2692.833107944394,3,2900.0,2026-09-25,eBay,12,liq,True,0.14078541689582635,0.03358225783193869,0.2746288006529338,2946.9,12,1620.2325157564637,1339.035136988813,0.054523262394320815,-0.03346818934723439,2703.63,-0.01688250761822152,554,3489,2796,10858,0.05102228771412783,3489,False
Team Rocket|4|Dark Charizard|1st|EN,Team Rocket,4,Dark Charizard,1st,EN,10,27016.952223781656,20695.941395784863,44877.284950178495,22051.834062299138,21171.458690779706,3,33100.0,2026-09-27,eBay,64,liq,True,0.18619896859624596,0.2250234538958542,1.7408452158074832,24000.0,15,15177.023690242235,12542.994785324161,0.22515669886937673,-0.03992300001134885,27698.1,0.025211865889845253,554,3489,2796,10858,0.05102228771412783,554,False
Team Rocket|4|Dark Charizard|unl|EN,Team Rocket,4,Dark Charizard,unl,EN,8,495.0,404.7891459129268,683.2341868697036,495.0,517.7925511072056,3,553.99,2026-09-26,eBay,16,liq,True,0.12439467024265716,0.07938491704800854,-0.20655553154577588,470.0,16,296.84537366947967,245.32675509874355,0.11917171717171726,0.046045557792334435,516.92,0.04428282828282826,174,2371,4048,17103,0.010173653744957024,4048,False
Team Rocket|4|Dark Charizard|unl|EN,Team Rocket,4,Dark Charizard,unl,EN,9,946.6538131000771,760.5456255103971,1291.9264869292583,950.0000000000001,953.575295133939,3,900.0,2026-09-20,eBay,11,liq,True,0.14078541689582635,0.06510830238337961,0.3072795458410622,935.0,4,557.7334587076247,460.93674273357414,-0.049282866085223254,0.003763468562040906,930.72,-0.016831721247598797,174,2371,4048,17103,0.010173653744957024,2371,False
Team Rocket|4|Dark Charizard|unl|EN,Team Rocket,4,Dark Charizard,unl,EN,10,11908.098037845471,8271.4388907474,21036.759518628172,11142.026547437084,10013.14311864597,3,8822.02,2026-05-10,eBay,9,mid,True,0.21684374260601003,0.2250234538958542,1.7408452158074832,,0,6065.721853214761,5012.9932671196375,-0.2591579300101088,-0.10131760357820929,11388.41,-0.043641565277161454,174,2371,4048,17103,0.010173653744957024,174,False
Team Rocket|5|Dark Dragonite|1st|EN,Team Rocket,5,Dark Dragonite,1st,EN,8,693.4651189479247,567.0851580188619,957.1698518522982,693.4651189479247,754.5167802632338,3,671.0,2026-09-27,eBay,12,liq,True,0.12439467024265716,0.014223575202969352,-0.2199783237144659,655.0,4,415.86244921383206,343.687974556886,-0.03239545628770357,0.08803854678074119,758.87,0.09431603589709447,223,2261,2425,8009,0.027843675864652265,2425,False
Team Rocket|5|Dark Dragonite|1st|EN,Team Rocket,5,Dark Dragonite,1st,EN,9,1557.8799630087096,1251.607266078076,2126.0849106774294,1537.6095073584538,1597.0464148313306,3,1450.0,2026-09-26,eBay,12,liq,True,0.14078541689582635,0.03358225783193869,0.2746288006529338,1525.0,7,917.8453284572558,758.549858229137,-0.06924793024512799,0.038655397998277774,1610.14,0.03354561213455853,223,2261,2425,8009,0.027843675864652265,2261,False
Team Rocket|5|Dark Dragonite|1st|EN,Team Rocket,5,Dark Dragonite,1st,EN,10,21739.659610950675,16653.34851784289,36111.28638787516,17902.0,17520.062778391417,3,26400.0,2026-09-14,Fanatics Collect,28,liq,True,0.18619896859624596,0.2250234538958542,1.7408452158074832,20999.0,5,12212.455579751453,10092.938495662358,0.21437043966878955,-0.021334891163477976,22971.07,0.05664349907433874,223,2261,2425,8009,0.027843675864652265,223,False
Team Rocket|5|Dark Dragonite|unl|EN,Team Rocket,5,Dark Dragonite,unl,EN,8,323.8154751144026,264.80199920191444,446.9531370416478,323.8154751144026,351.6176969483534,3,315.0,2026-09-26,eBay,13,liq,True,0.12439467024265716,0.07938491704800854,-0.20655553154577588,336.9,8,194.18813274807061,160.4860601223724,-0.02722376103639934,0.08585822473162663,331.03,0.0222797409019706,53,970,2272,8367,0.0063344089876897335,2272,True
Team Rocket|5|Dark Dragonite|unl|EN,Team Rocket,5,Dark Dragonite,unl,EN,9,660.6157317794592,530.7414368330469,901.5618484365756,679.9999999999998,641.7840368742809,3,680.0,2026-09-25,eBay,12,liq,True,0.14078541689582635,0.06510830238337961,0.3072795458410622,680.0,6,389.2103870109011,321.6614768685133,0.029342728742360658,-0.056199945773116045,656.43,-0.006336106723017987,53,970,2272,8367,0.0063344089876897335,970,True
Team Rocket|5|Dark Dragonite|unl|EN,Team Rocket,5,Dark Dragonite,unl,EN,10,10594.064039205688,7358.702710244814,18715.396598971867,9464.527803108555,7571.925581771789,3,7600.0,2026-05-11,eBay,6,mid,True,0.21684374260601003,0.3735322370049037,2.6991638813315046,,0,5396.381987512864,4459.819824390796,-0.28261713617413387,-0.19996794987650135,9833.33,-0.07180757416515726,53,970,2272,8367,0.0063344089876897335,53,True
Team Rocket|6|Dark Dugtrio|1st|EN,Team Rocket,6,Dark Dugtrio,1st,EN,8,153.5529906241834,125.56885641846233,211.94475291015183,153.5529906241834,154.14841002921384,3,160.0,2026-09-28,eBay,21,liq,True,0.12439467024265716,0.014223575202969352,-0.2199783237144659,158.37,12,92.08382804020572,76.10233722331051,0.04198556699944378,0.00387761516470686,157.32,0.024532308752202914,153,1378,1407,4178,0.03662039253231211,1407,False
Team Rocket|6|Dark Dugtrio|1st|EN,Team Rocket,6,Dark Dugtrio,1st,EN,9,290.67628863354315,233.53054379602224,396.69453733903515,293.5580099287039,289.53101512074653,3,285.0,2026-09-28,eBay,17,liq,True,0.14078541689582635,0.03358225783193869,0.2746288006529338,324.99,17,171.255732117083,141.53366290668018,-0.019527869508129236,-0.01371788427416909,328.73,0.13091439809330763,153,1378,1407,4178,0.03662039253231211,1378,False
Team Rocket|6|Dark Dugtrio|1st|EN,Team Rocket,6,Dark Dugtrio,1st,EN,10,3696.0168155705296,2831.2796639419043,6139.374953885637,3415.13507524503,2757.9383677232618,3,4000.0,2026-09-23,eBay,16,liq,True,0.18619896859624596,0.2250234538958542,1.7408452158074832,3359.995,4,2076.2717535573966,1715.9270690556996,0.08224615839106963,-0.1924365195056349,3500.0,-0.05303461140781407,153,1378,1407,4178,0.03662039253231211,153,False
Team Rocket|6|Dark Dugtrio|unl|EN,Team Rocket,6,Dark Dugtrio,unl,EN,8,84.23007840393713,68.87963938850217,116.26034167330377,84.23007840393713,77.55223492422604,3,108.0,2026-09-27,eBay,17,liq,True,0.12439467024265716,0.07938491704800854,-0.20655553154577588,73.0,4,50.511735551568265,41.74523599303163,0.2822022969285496,-0.07928098377976756,90.37,0.07289464419845393,34,443,874,2772,0.012265512265512266,874,True
Team Rocket|6|Dark Dugtrio|unl|EN,Team Rocket,6,Dark Dugtrio,unl,EN,9,150.35359423779482,120.79470530293152,205.192001672407,152.12185294000625,144.10898045853915,3,169.0,2026-08-22,eBay,13,liq,True,0.14078541689582635,0.06510830238337961,0.3072795458410622,169.0,1,88.58278388881645,73.20891230480699,0.12401702704036843,-0.05267403944012705,210.04,0.3969735879263845,34,443,874,2772,0.012265512265512266,443,True
Team Rocket|6|Dark Dugtrio|unl|EN,Team Rocket,6,Dark Dugtrio,unl,EN,10,1394.4794192009215,951.0396457388532,4400.683306495081,1729.2770863891747,1394.4794192009215,3,1259.0,2026-06-15,eBay,2,thin,False,0.42913093778099176,0.3735322370049037,2.6991638813315046,,0,697.4290735418257,576.3876640841535,-0.09715411883135228,-0.19360556490534964,1259.0,-0.09715411883135228,34,443,874,2772,0.012265512265512266,34,True
Team Rocket|7|Dark Golbat|1st|EN,Team Rocket,7,Dark Golbat,1st,EN,8,113.50000000000001,92.815289012358,156.66076810042702,113.50000000000001,136.75379965043865,3,149.99,2026-09-28,eBay,19,liq,True,0.12439467024265716,0.014223575202969352,-0.2199783237144659,127.0,10,68.0645452757292,56.251690310520004,0.32149779735682804,0.20487929207434918,128.31,0.1304845814977973,307,1492,1086,3860,0.07953367875647668,1086,False
Team Rocket|7|Dark Golbat|1st|EN,Team Rocket,7,Dark Golbat,1st,EN,9,208.61663113266204,167.60347237928372,284.7052931542405,191.01000000000005,219.0626719984455,3,232.5,2026-09-25,eBay,18,liq,True,0.14078541689582635,0.03358225783193869,0.2746288006529338,199.99,10,122.9092130781414,101.57786204805075,0.11448449118205839,0.1468649390002903,209.07,0.002173215361001901,307,1492,1086,3860,0.07953367875647668,1492,False
Team Rocket|7|Dark Golbat|1st|EN,Team Rocket,7,Dark Golbat,1st,EN,10,2393.842405259602,1833.7679883220621,3976.3607255481384,1910.1668542958719,1738.6362094845388,2,2999.99,2026-09-27,eBay,39,liq,True,0.18619896859624596,0.2250234538958542,1.7408452158074832,2000.0,10,1344.763191436179,1111.3745383770076,0.2532111526676142,-0.08979877565437233,1544.83,-0.35466512055856503,307,1492,1086,3860,0.07953367875647668,307,False
Team Rocket|7|Dark Golbat|unl|EN,Team Rocket,7,Dark Golbat,unl,EN,8,91.31369228621895,74.67230608221088,126.03764908938412,91.31369228621895,78.36160218024753,2,94.95,2026-09-26,eBay,12,liq,True,0.12439467024265716,0.07938491704800854,-0.20655553154577588,89.975,4,54.75969112695465,45.255943080127814,0.03982215177963888,-0.14184170831000498,89.48,-0.020081241271805328,36,480,750,2310,0.015584415584415584,750,True
Team Rocket|7|Dark Golbat|unl|EN,Team Rocket,7,Dark Golbat,unl,EN,9,124.19418144139162,99.77812385266276,169.4914765105053,124.98999999999997,123.25390440091674,2,125.75,2026-09-24,eBay,12,liq,True,0.14078541689582635,0.06510830238337961,0.3072795458410622,124.99,5,73.17062415861936,60.47159021373501,0.012527306356478363,-0.013889875982744493,120.0,-0.033771158944115975,36,480,750,2310,0.015584415584415584,480,True
Team Rocket|7|Dark Golbat|unl|EN,Team Rocket,7,Dark Golbat,unl,EN,10,1095.3355885591566,747.0225488916775,3456.648390224628,1146.7408032127667,1095.3355885591566,3,310.0,2025-09-18,eBay,0,thin,False,0.42913093778099176,0.3735322370049037,2.6991638813315046,,0,547.8165358538969,452.74093872222886,-0.7169817147931941,-0.04482723080018658,310.0,-0.7169817147931941,36,480,750,2310,0.015584415584415584,36,True
Team Rocket|83|Dark Raichu|1st|EN,Team Rocket,83,Dark Raichu,1st,EN,8,382.884486409588,313.10602876171066,528.4843853274323,382.884486409588,412.9826860323314,3,385.0,2026-09-12,eBay,15,liq,True,0.12439467024265716,0.014223575202969352,-0.2199783237144659,379.99,10,229.61108775858784,189.76122955255195,0.0055252005905219725,0.07860908626772112,410.35,0.07173315860343044,244,2082,2363,7174,0.034011708948982436,2363,False
Team Rocket|83|Dark Raichu|1st|EN,Team Rocket,83,Dark Raichu,1st,EN,9,912.6240993234194,733.2060113958636,1245.4851289985131,893.6476915672174,926.6019928957572,3,920.0,2026-09-15,eBay,14,liq,True,0.14078541689582635,0.03358225783193869,0.2746288006529338,920.0,10,537.6844083569666,444.36727963385675,0.00808207966680774,0.036876166793142984,983.86,0.07805612489237568,244,2082,2363,7174,0.034011708948982436,2082,False
Team Rocket|83|Dark Raichu|1st|EN,Team Rocket,83,Dark Raichu,1st,EN,10,7648.525348065466,5859.041058983707,12704.802845661317,9749.989999999998,9330.557732599851,3,6000.0,2026-09-26,eBay,33,liq,True,0.18619896859624596,0.2250234538958542,1.7408452158074832,9749.99,10,4296.630109921386,3550.9339751416414,-0.21553505715744614,-0.04301873821410551,11896.81,0.5554383961097873,244,2082,2363,7174,0.034011708948982436,244,False
Team Rocket|83|Dark Raichu|unl|EN,Team Rocket,83,Dark Raichu,unl,EN,8,203.25811939841702,166.21551626495543,280.55130491281335,203.25811939841702,206.29928455759386,3,231.67,2026-09-23,eBay,13,liq,True,0.12439467024265716,0.07938491704800854,-0.20655553154577588,231.67,9,121.89137859430066,100.73667652421543,0.13978226643872138,0.014962084507018858,196.35,-0.033986929618669004,33,903,1962,6665,0.0049512378094523635,1962,True
Team Rocket|83|Dark Raichu|unl|EN,Team Rocket,83,Dark Raichu,unl,EN,9,346.4688646321199,278.35453227467866,472.8363176911679,325.69327912379015,348.9736489915362,3,428.0,2026-09-24,eBay,17,liq,True,0.14078541689582635,0.06510830238337961,0.3072795458410622,315.0,7,204.12665700143103,168.6997165301083,0.23532023708522765,0.07147942975789068,389.4,0.12391051476866255,33,903,1962,6665,0.0049512378094523635,903,True
Team Rocket|83|Dark Raichu|unl|EN,Team Rocket,83,Dark Raichu,unl,EN,10,4285.802394321777,2922.9316221376457,13525.089572448524,10788.444869233443,4285.802394321777,3,7877.77,2026-07-23,eBay,2,thin,False,0.42913093778099176,0.3735322370049037,2.6991638813315046,,0,2143.483189567607,1771.4737103864522,0.838108544257008,-0.6027414102523658,7877.77,0.838108544257008,33,903,1962,6665,0.0049512378094523635,33,True
Team Rocket|8|Dark Gyarados|1st|EN,Team Rocket,8,Dark Gyarados,1st,EN,8,261.87854023297297,214.15270835117002,361.4633767569702,261.87854023297297,283.14925452821126,3,259.96,2026-09-18,eBay,19,liq,True,0.12439467024265716,0.014223575202969352,-0.2199783237144659,261.0,3,157.0453194575247,129.78952021283033,-0.007326068914490724,0.08122358661505968,267.41,0.021122233849730998,469,2018,1499,5291,0.08864108864108865,1499,False
Team Rocket|8|Dark Gyarados|1st|EN,Team Rocket,8,Dark Gyarados,1st,EN,9,540.2083230370124,434.00562197563687,737.2382927457481,560.9999999999998,520.1872233127651,3,561.0,2026-09-21,eBay,14,liq,True,0.14078541689582635,0.03358225783193869,0.2746288006529338,561.0,9,318.2707894488004,263.0337102882648,0.038488257356158906,-0.07275004757082826,585.18,0.08324876727215158,469,2018,1499,5291,0.08864108864108865,2018,False
Team Rocket|8|Dark Gyarados|1st|EN,Team Rocket,8,Dark Gyarados,1st,EN,10,5564.274964527587,4262.4315141856805,9242.698845373172,4691.0842243740035,5155.114825530946,3,6600.0,2026-09-28,Fanatics Collect,62,liq,True,0.18619896859624596,0.2250234538958542,1.7408452158074832,6000.0,15,3125.783110402833,2583.2918267792006,0.18613836341215872,0.09891755913183697,5832.13,0.048138353546508084,469,2018,1499,5291,0.08864108864108865,469,False
Team Rocket|8|Dark Gyarados|unl|EN,Team Rocket,8,Dark Gyarados,unl,EN,8,107.92769785563037,88.25850633399807,148.96948057598118,107.92769785563037,100.99175249196895,3,91.0,2026-09-27,eBay,19,liq,True,0.12439467024265716,0.07938491704800854,-0.20655553154577588,94.24,5,64.72290464493193,53.49000383878672,-0.15684294385926523,-0.06426473927887622,97.52,-0.0964321306061049,104,890,1183,3863,0.026922081283976183,1183,False
Team Rocket|8|Dark Gyarados|unl|EN,Team Rocket,8,Dark Gyarados,unl,EN,9,189.07097819350494,151.90041320927963,258.03076188738737,166.51199800862585,197.14477918428915,3,255.0,2026-09-20,eBay,14,liq,True,0.14078541689582635,0.06510830238337961,0.3072795458410622,194.99,5,111.39363635347173,92.06085649047252,0.3486998503758727,0.18396741100948422,188.43,-0.0033901458575462673,104,890,1183,3863,0.026922081283976183,890,False
Team Rocket|8|Dark Gyarados|unl|EN,Team Rocket,8,Dark Gyarados,unl,EN,10,2027.2100000000005,1552.9145926392882,3367.3554318895376,2027.2100000000005,1716.5944960003171,3,2027.21,2026-09-19,eBay,9,liq,True,0.18619896859624596,0.2250234538958542,1.7408452158074832,1663.605,2,1138.8040346021448,941.1603591753263,-2.220446049250313e-16,-0.15322315103007744,1766.95,-0.12838334459676126,104,890,1183,3863,0.026922081283976183,104,False
Team Rocket|9|Dark Hypno|1st|EN,Team Rocket,9,Dark Hypno,1st,EN,8,140.46121397399955,114.86297947157199,193.8745521540546,140.46121397399955,155.78217144188304,3,114.59,2026-09-23,eBay,19,liq,True,0.12439467024265716,0.014223575202969352,-0.2199783237144659,150.0,10,84.23285161248613,69.61392695246788,-0.18418760056273265,0.10907607185225898,138.37,-0.014888195216557376,401,1720,1135,4227,0.09486633546250296,1135,False
Team Rocket|9|Dark Hypno|1st|EN,Team Rocket,9,Dark Hypno,1st,EN,9,261.6898928512024,210.2427524128361,357.1359447959112,249.9999999999999,275.3734709599925,3,243.5,2026-09-25,eBay,21,liq,True,0.14078541689582635,0.03358225783193869,0.2746288006529338,249.9,15,154.1780184360798,127.4198499471734,-0.06950934425864586,0.1014938838399706,250.92,-0.041155173147348845,401,1720,1135,4227,0.09486633546250296,1720,False
Team Rocket|9|Dark Hypno|1st|EN,Team Rocket,9,Dark Hypno,1st,EN,10,2753.886106239015,2109.5742033855176,4574.421662604799,2369.9652144175866,2393.4888499699014,3,3200.0,2026-09-28,eBay,57,liq,True,0.18619896859624596,0.2250234538958542,1.7408452158074832,2775.0,20,1547.0210824827132,1278.5298202336473,0.16199431514262685,0.009925730305748726,2343.05,-0.1491841312203337,401,1720,1135,4227,0.09486633546250296,401,False
Team Rocket|9|Dark Hypno|unl|EN,Team Rocket,9,Dark Hypno,unl,EN,8,77.90879642989825,63.71037407265171,107.53525894702788,77.90879642989825,83.46392046010001,3,75.0,2026-09-19,eBay,17,liq,True,0.12439467024265716,0.07938491704800854,-0.20655553154577588,75.0,3,46.72094098661126,38.612347922819225,-0.03733591793470403,0.07130291167057412,76.24,-0.021419871777891286,112,727,903,2890,0.03875432525951557,903,False
Team Rocket|9|Dark Hypno|unl|EN,Team Rocket,9,Dark Hypno,unl,EN,9,137.18481861777454,110.21485599314408,187.22018368731017,140.64833108108058,138.47161904552968,3,118.5,2026-09-28,eBay,19,liq,True,0.14078541689582635,0.06510830238337961,0.3072795458410622,134.0,9,80.82422772830567,66.79688242008733,-0.13620179554877954,-0.01547627347455749,130.37,-0.049676186377167864,112,727,903,2890,0.03875432525951557,727,False
Team Rocket|9|Dark Hypno|unl|EN,Team Rocket,9,Dark Hypno,unl,EN,10,972.1095905859795,675.233362043785,1717.321743398189,930.1538471243393,959.1104664955022,3,589.0,2026-07-20,eBay,5,mid,True,0.21684374260601003,0.2250234538958542,1.7408452158074832,,0,495.1711321654423,409.23234063259696,-0.3941012353916231,0.031130999953056238,589.0,-0.3941012353916231,112,727,903,2890,0.03875432525951557,112,False
Team Rocket|11|Dark Magneton|unl|EN,Team Rocket,11,Dark Magneton,unl,EN,10,3145.296562960483,1907.7187993243,8549.802492210172,,3145.296562960483,3,,,,0,new,False,,0.3735322370049037,2.6991638813315046,,0,1398.9937861711535,1156.1932117116971,,,,,6,323,892,2821,0.0021269053527118043,6,True
Neo Genesis|17|Typhlosion|unl|EN,Neo Genesis,17,Typhlosion,unl,EN,10,12681.323109957684,7691.611271911698,34471.41017061572,,12681.323109957684,2,,,,0,new,False,,0.3735322370049037,2.6991638813315046,,0,5640.514932735246,4661.5825890373935,,,,,4,199,794,3776,0.001059322033898305,4,True
