set,card_name,card_number,edition,grade,sale_date,price,currency,venue,sale_type,best_offer,accepted_price,cert_number,listing_title,listing_url,source
Neo Genesis,Jumpluff,7/111,Unlimited,PSA 10,2026-09-28,4000,USD,eBay,best offer,TRUE,,51464780,,https://www.ebay.com/itm/188604603609,PSA APR
Neo Genesis,Jumpluff,7/111,Unlimited,PSA 10,2025-10-20,456,USD,Fanatics Collect,auction,FALSE,,43521401,,https://www.fanaticscollect.com/weekly/6657d0b6-9e2a-11f0-9b14-0a58a9feac02,PSA APR
Neo Genesis,Jumpluff,7/111,Unlimited,PSA 10,2025-10-14,900,USD,Fanatics Collect,BIN,FALSE,,66638323,,https://www.fanaticscollect.com/fixed/3f9732da-a63d-11f0-9b88-0a58a9feac02,PSA APR
Neo Genesis,Jumpluff,7/111,Unlimited,PSA 10,2025-08-05,408,USD,Fanatics Collect,auction,FALSE,,51464780,,https://www.fanaticscollect.com/weekly/2f1bcdbc-6b8c-11f0-ad8c-0a58a9feac02,PSA APR
Neo Genesis,Lugia,9/111,1st Edition,PSA 10,2026-08-31,360000,USD,Fanatics Collect,auction,FALSE,,28683528,,https://www.fanaticscollect.com/weekly/c115df5c-9b5e-11f1-8139-0a58a9feac02,PSA APR
Neo Genesis,Lugia,9/111,1st Edition,PSA 10,2026-04-27,146400,USD,Goldin Auctions,auction,FALSE,,28683528,,https://goldin.co/item/2000-pokemon-neo-genesis-1st-edition-holo-9-lugia-psa-gem-mt-10p6mxw,PSA APR
Neo Genesis,Lugia,9/111,1st Edition,PSA 10,2026-03-17,382918.2,USD,eBay,best offer,TRUE,,65305994,,https://www.ebay.com/itm/397406172659,PSA APR
Neo Genesis,Lugia,9/111,1st Edition,PSA 10,2026-02-15,1825,USD,eBay,auction,FALSE,,65305994,,https://www.ebay.com/itm/188037953544,PSA APR
Neo Genesis,Slowking,14/111,Unlimited,PSA 10,2024-05-27,3700,USD,eBay,auction,FALSE,,48873231,,https://www.ebay.com/itm/276473941586,PSA APR
Neo Genesis,Pichu,12/111,Unlimited,PSA 10,2026-09-14,24655,USD,eBay,best offer,TRUE,,27057025,,https://www.ebay.com/itm/278239236905,PSA APR
Neo Genesis,Pichu,12/111,Unlimited,PSA 10,2026-09-14,43200,USD,Fanatics Collect,auction,FALSE,,130875894,,https://www.fanaticscollect.com/weekly/c3011954-a7a6-11f1-8f13-06d19b0b9c59,PSA APR
Neo Genesis,Pichu,12/111,Unlimited,PSA 10,2026-06-22,16800,USD,Fanatics Collect,auction,FALSE,,28526924,,https://www.fanaticscollect.com/weekly/d3b79f68-65d7-11f1-afb0-0aa70a100f53,PSA APR
Neo Genesis,Pichu,12/111,Unlimited,PSA 10,2025-12-28,74.95,USD,eBay,best offer,TRUE,,26591276,,https://www.ebay.com/itm/127588283145,PSA APR
Neo Genesis,Feraligatr,5/111,1st Edition,PSA 10,2025-12-04,25000,USD,eBay,best offer,TRUE,,23878943,,https://www.ebay.com/itm/286988109479,PSA APR
Neo Genesis,Feraligatr,5/111,1st Edition,PSA 10,2025-09-30,15000,USD,Fanatics Collect,best offer,TRUE,,27493819,,https://www.fanaticscollect.com/fixed/02cff21c-1095-11f0-bcc8-0a58a9feac02,PSA APR
Neo Genesis,Feraligatr,5/111,1st Edition,PSA 10,2025-07-06,9588,USD,eBay,auction,FALSE,,65305273,,https://www.ebay.com/itm/116668857060,PSA APR
Neo Genesis,Feraligatr,5/111,1st Edition,PSA 10,2025-06-16,9600,USD,eBay,auction,FALSE,,65305273,,https://www.ebay.com/itm/297383500746,PSA APR
Neo Genesis,Feraligatr,5/111,1st Edition,PSA 10,2025-06-01,9500,USD,Fanatics Collect,best offer,TRUE,,17721805,,https://www.fanaticscollect.com/fixed/ec8beafa-375f-11f0-b8d9-0648da1418bd,PSA APR
Neo Genesis,Azumarill,2/111,1st Edition,PSA 10,2026-09-19,25000,USD,eBay,best offer,TRUE,,28690379,,https://www.ebay.com/itm/307173050504,PSA APR
Neo Genesis,Azumarill,2/111,1st Edition,PSA 10,2026-09-14,25800,USD,Fanatics Collect,auction,FALSE,,136090425,,https://www.fanaticscollect.com/weekly/04e89712-a44f-11f1-b963-0a58a9feac02,PSA APR
Neo Genesis,Azumarill,2/111,1st Edition,PSA 10,2026-08-24,18825,USD,Fanatics Collect,BIN,FALSE,,26245705,,https://www.fanaticscollect.com/buy-now/cdfaeeab-d868-45cc-9dc7-a6db12800fec,PSA APR
Neo Genesis,Azumarill,2/111,1st Edition,PSA 10,2026-08-24,24000,USD,Fanatics Collect,auction,FALSE,,26126953,,https://www.fanaticscollect.com/weekly/f315f1a8-9826-11f1-8de6-06213f5a2f2f,PSA APR
Neo Genesis,Azumarill,2/111,1st Edition,PSA 10,2026-06-15,17400,USD,Fanatics Collect,auction,FALSE,,157244572,,https://www.fanaticscollect.com/weekly/b3cda9be-5e88-11f1-8e40-0a58a9feac02,PSA APR
Neo Genesis,Azumarill,2/111,1st Edition,PSA 10,2026-05-31,8201,USD,eBay,auction,FALSE,,27065739,,https://www.ebay.com/itm/287344903151,PSA APR
Neo Genesis,Azumarill,2/111,1st Edition,PSA 10,2026-04-20,14500,USD,eBay,best offer,TRUE,,24947134,,https://www.ebay.com/itm/267644011262,PSA APR
Neo Genesis,Azumarill,2/111,1st Edition,PSA 10,2026-04-20,11100,USD,Fanatics Collect,auction,FALSE,,136090425,,https://www.fanaticscollect.com/weekly/74e09676-32af-11f1-9820-0a58a9feac02,PSA APR
Neo Genesis,Azumarill,2/111,1st Edition,PSA 10,2025-10-14,3100,USD,Fanatics Collect,BIN,FALSE,,53397649,,https://www.fanaticscollect.com/fixed/2be14e6c-a893-11f0-8bb4-0a58a9feac02,PSA APR
Neo Genesis,Azumarill,2/111,1st Edition,PSA 10,2025-10-13,2900,USD,Fanatics Collect,BIN,FALSE,,26001856,,https://www.fanaticscollect.com/fixed/c8129ab6-a870-11f0-923d-0a58a9feac02,PSA APR
Neo Genesis,Azumarill,2/111,1st Edition,PSA 10,2025-05-27,2200,USD,Fanatics Collect,best offer,TRUE,,29008284,,https://www.fanaticscollect.com/fixed/c834ec92-375f-11f0-91ef-0a58a9feac02,PSA APR
Neo Genesis,Heracross,6/111,1st Edition,PSA 10,2026-09-12,43500,USD,Fanatics Collect,best offer,TRUE,,26569350,,https://www.fanaticscollect.com/buy-now/df48f614-0fe2-4f62-be37-cbc251e7c50b,PSA APR
Neo Genesis,Heracross,6/111,1st Edition,PSA 10,2026-08-10,30241,USD,Goldin Auctions,auction,FALSE,,26569350,,https://goldin.co/item/2000-pokemon-neo-genesis-1st-edition-holo-6-heracross-psa-gem-mt-100r3zp,PSA APR
Neo Genesis,Heracross,6/111,1st Edition,PSA 10,2026-07-13,38400,USD,Fanatics Collect,auction,FALSE,,122099274,,https://www.fanaticscollect.com/weekly/bb71840c-74cb-11f1-ba09-025c1079ae51,PSA APR
Neo Genesis,Heracross,6/111,1st Edition,PSA 10,2026-03-30,30600,USD,Fanatics Collect,auction,FALSE,,122099274,,https://www.fanaticscollect.com/weekly/37d0408e-23ae-11f1-8ecb-0a58a9feac02,PSA APR
Neo Genesis,Heracross,6/111,1st Edition,PSA 10,2026-02-09,24600,USD,Fanatics Collect,auction,FALSE,,23242401,,https://www.fanaticscollect.com/weekly/7a87a5bc-fe00-11f0-a62d-0a58a9feac02,PSA APR
Neo Genesis,Heracross,6/111,1st Edition,PSA 10,2025-12-04,10000,USD,eBay,best offer,TRUE,,25127856,,https://www.ebay.com/itm/286983037068,PSA APR
Neo Genesis,Heracross,6/111,1st Edition,PSA 10,2025-07-28,5040,USD,Fanatics Collect,auction,FALSE,,117243206,,https://www.fanaticscollect.com/weekly/df3cf5e8-626a-11f0-88a5-02afd2a02dab,PSA APR
Neo Genesis,Jumpluff,7/111,1st Edition,PSA 10,2026-09-21,9999.99,USD,eBay,BIN,FALSE,,23388543,,https://www.ebay.com/itm/278244060606,PSA APR
Neo Genesis,Jumpluff,7/111,1st Edition,PSA 10,2026-09-21,8700,USD,Fanatics Collect,auction,FALSE,,26452927,,https://www.fanaticscollect.com/weekly/8627c9a0-aba3-11f1-ae90-06ba3beda0cf,PSA APR
Neo Genesis,Jumpluff,7/111,1st Edition,PSA 10,2026-09-18,10000,USD,eBay,best offer,TRUE,,23388542,,https://www.ebay.com/itm/267644011272,PSA APR
Neo Genesis,Jumpluff,7/111,1st Edition,PSA 10,2026-04-20,9600,USD,Fanatics Collect,auction,FALSE,,25325759,,https://www.fanaticscollect.com/weekly/74dfde98-32af-11f1-b8c5-0a58a9feac02,PSA APR
Neo Genesis,Jumpluff,7/111,1st Edition,PSA 10,2026-03-23,8100,USD,Fanatics Collect,auction,FALSE,,28690381,,https://www.fanaticscollect.com/weekly/faf65e68-1733-11f1-9ddd-0a58a9feac02,PSA APR
Neo Genesis,Jumpluff,7/111,1st Edition,PSA 10,2026-01-13,2860,USD,Fanatics Collect,BIN,FALSE,,41076333,,https://www.fanaticscollect.com/buy-now/813092e1-5214-442f-8399-584aca0531d7,PSA APR
Neo Genesis,Jumpluff,7/111,1st Edition,PSA 10,2025-11-18,2590,USD,Fanatics Collect,BIN,FALSE,,48366823,,https://www.fanaticscollect.com/fixed/82e176da-a94a-11f0-83fc-0a58a9feac02,PSA APR
Neo Genesis,Jumpluff,7/111,1st Edition,PSA 10,2025-10-14,2390,USD,Fanatics Collect,BIN,FALSE,,25855623,,https://www.fanaticscollect.com/fixed/c720b036-a940-11f0-992c-0a58a9feac02,PSA APR
Neo Genesis,Jumpluff,7/111,1st Edition,PSA 10,2025-10-14,2110,USD,Fanatics Collect,BIN,FALSE,,27493814,,https://www.fanaticscollect.com/fixed/0717cf2a-a893-11f0-b376-0ab8e0918c39,PSA APR
Neo Genesis,Jumpluff,7/111,1st Edition,PSA 10,2025-10-09,1899,USD,Fanatics Collect,BIN,FALSE,,26569351,,https://www.fanaticscollect.com/fixed/27cd6b08-a4dd-11f0-97c1-0a58a9feac02,PSA APR
Neo Genesis,Jumpluff,7/111,1st Edition,PSA 10,2025-05-24,1999,USD,Fanatics Collect,BIN,FALSE,,99875856,,https://www.fanaticscollect.com/fixed/eb74c0a4-f07b-11ef-a780-0278d2776385,PSA APR
Neo Genesis,Jumpluff,7/111,1st Edition,PSA 10,2025-02-17,1800,USD,Fanatics Collect,best offer,TRUE,,26452927,,https://www.fanaticscollect.com/fixed/37e49422-dbb5-11ef-a4cb-0a58a9feac02,PSA APR
Neo Genesis,Jumpluff,7/111,1st Edition,PSA 10,2024-09-15,510,USD,eBay,auction,FALSE,,41274589,,https://www.ebay.com/itm/286047414491,PSA APR
Neo Genesis,Jumpluff,7/111,1st Edition,PSA 10,2024-08-12,446.69,USD,eBay,auction,FALSE,,25325759,,https://www.ebay.com/itm/315634640856,PSA APR
Neo Genesis,Meganium,10/111,1st Edition,PSA 10,2026-09-11,56000,USD,Fanatics Collect,best offer,TRUE,,45228001,,https://www.fanaticscollect.com/buy-now/51e7757c-eb2e-47d0-8de4-e70bdf1d69e0,PSA APR
Neo Genesis,Meganium,10/111,1st Edition,PSA 10,2026-08-31,49999,USD,Fanatics Collect,best offer,TRUE,,40741446,,https://www.fanaticscollect.com/buy-now/9e094e3a-1ad2-4474-8711-de56e6a57d3f,PSA APR
Neo Genesis,Meganium,10/111,1st Edition,PSA 10,2026-08-31,29400,USD,Fanatics Collect,auction,FALSE,,25693771,,https://www.fanaticscollect.com/weekly/b372db76-947d-11f1-bab8-0ad0eabd4e2f,PSA APR
Neo Genesis,Meganium,10/111,1st Edition,PSA 10,2026-06-05,37500,USD,eBay,BIN,FALSE,,65305280,,https://www.ebay.com/itm/277928836227,PSA APR
Neo Genesis,Meganium,10/111,1st Edition,PSA 10,2026-04-20,34800,USD,Fanatics Collect,auction,FALSE,,25693771,,https://www.fanaticscollect.com/weekly/74e153ea-32af-11f1-ace0-0a58a9feac02,PSA APR
Neo Genesis,Meganium,10/111,1st Edition,PSA 10,2026-02-28,26000,USD,eBay,BIN,FALSE,,25693771,,https://www.ebay.com/itm/177649039054,PSA APR
Neo Genesis,Meganium,10/111,1st Edition,PSA 10,2025-12-05,25000,USD,eBay,best offer,TRUE,,26569344,,https://www.ebay.com/itm/277553790312,PSA APR
Neo Genesis,Meganium,10/111,1st Edition,PSA 10,2025-03-23,6500,USD,Fanatics Collect,best offer,TRUE,,26474914,,https://www.fanaticscollect.com/fixed/4aa6e5a0-f119-11ef-8a9f-0a58a9feac02,PSA APR
Neo Genesis,Pichu,12/111,1st Edition,PSA 10,2026-09-22,129999,USD,Fanatics Collect,best offer,TRUE,,41122749,,https://www.fanaticscollect.com/buy-now/e8cd484a-6428-430e-8138-9eb48d17f280,PSA APR
Neo Genesis,Pichu,12/111,1st Edition,PSA 10,2026-09-14,90000,USD,Fanatics Collect,auction,FALSE,,28466201,,https://www.fanaticscollect.com/weekly/058ec4ac-a44f-11f1-992a-0a7d35b826f5,PSA APR
Neo Genesis,Pichu,12/111,1st Edition,PSA 10,2026-04-20,38400,USD,Fanatics Collect,auction,FALSE,,41122749,,https://www.fanaticscollect.com/weekly/a5641cbc-36d5-11f1-8ce7-0a58a9feac02,PSA APR
Neo Genesis,Pichu,12/111,1st Edition,PSA 10,2026-04-13,56122,USD,Goldin Auctions,auction,FALSE,,21157561,,https://goldin.co/item/2000-pokemon-neo-genesis-1st-edition-holo-12-pichu-psa-gem-mt-107b56q,PSA APR
Neo Genesis,Pichu,12/111,1st Edition,PSA 10,2026-03-23,55200,USD,Fanatics Collect,auction,FALSE,,43515085,,https://www.fanaticscollect.com/weekly/1c22184c-1ef1-11f1-8866-0a1ba430ff4b,PSA APR
Neo Genesis,Pichu,12/111,1st Edition,PSA 10,2026-03-23,55200,USD,Fanatics Collect,auction,FALSE,,101397633,,https://www.fanaticscollect.com/weekly/79ca6020-1cf4-11f1-a560-02e3d045054f,PSA APR
Neo Genesis,Pichu,12/111,1st Edition,PSA 10,2026-03-02,26501,USD,eBay,best offer,TRUE,,21157561,,https://www.ebay.com/itm/287173089302,PSA APR
Neo Genesis,Pichu,12/111,1st Edition,PSA 10,2025-10-28,1504.57,USD,eBay,auction,FALSE,,42098557,,https://www.ebay.com/itm/177512666897,PSA APR
Neo Genesis,Pichu,12/111,1st Edition,PSA 10,2025-10-06,19200,USD,Fanatics Collect,auction,FALSE,,43515085,,https://www.fanaticscollect.com/weekly/7fa734c6-9b0f-11f0-ba28-0a58a9feac02,PSA APR
Neo Genesis,Pichu,12/111,1st Edition,PSA 10,2025-09-22,12500,USD,Fanatics Collect,best offer,TRUE,,26312029,,https://www.fanaticscollect.com/fixed/52335dcc-da93-11ef-8c05-0a58a9feac02,PSA APR
Neo Genesis,Pichu,12/111,1st Edition,PSA 10,2025-07-07,12000,USD,Fanatics Collect,auction,FALSE,,42098557,,https://www.fanaticscollect.com/weekly/34e054e2-5080-11f0-afc6-0a58a9feac02,PSA APR
Neo Genesis,Pichu,12/111,1st Edition,PSA 10,2025-06-17,6639.75,USD,eBay,BIN,FALSE,,85109887,,https://www.ebay.com/itm/167592253627,PSA APR
Neo Genesis,Pichu,12/111,1st Edition,PSA 10,2025-06-09,8066.71,USD,eBay,BIN,FALSE,,85109887,,https://www.ebay.com/itm/167575216606,PSA APR
Neo Genesis,Pichu,12/111,1st Edition,PSA 10,2025-05-13,10750,USD,eBay,best offer,TRUE,,41122749,,https://www.ebay.com/itm/167077856290,PSA APR
Neo Genesis,Pichu,12/111,1st Edition,PSA 10,2025-05-12,11100,USD,Fanatics Collect,auction,FALSE,,42098557,,https://www.fanaticscollect.com/weekly/ffff6272-23e3-11f0-8194-0a58a9feac02,PSA APR
Neo Genesis,Pichu,12/111,1st Edition,PSA 10,2025-02-24,596.78,USD,eBay,auction,FALSE,,101397633,,https://www.ebay.com/itm/286330316440,PSA APR
Neo Genesis,Pichu,12/111,1st Edition,PSA 10,2024-04-28,9997,USD,eBay,auction,FALSE,,41122749,,https://www.ebay.com/itm/375390062013,PSA APR
Neo Genesis,Pichu,12/111,1st Edition,PSA 10,2024-04-01,10250,USD,eBay,auction,FALSE,,26068258,,https://www.ebay.com/itm/375334269592,PSA APR
Neo Genesis,Slowking,14/111,1st Edition,PSA 10,2026-09-04,150000,USD,Fanatics Collect,BIN,FALSE,,26245716,,https://www.fanaticscollect.com/buy-now/23955c70-6649-45fc-b487-a10d1b34062f,PSA APR
Neo Genesis,Slowking,14/111,1st Edition,PSA 10,2025-12-05,50000,USD,eBay,best offer,TRUE,,22943643,,https://www.ebay.com/itm/286983037469,PSA APR
Neo Genesis,Typhlosion,17/111,1st Edition,PSA 10,2025-10-27,3000,USD,eBay,best offer,TRUE,,54059560,,https://www.ebay.com/itm/197806295568,PSA APR
Neo Genesis,Metal Energy,19/111,1st Edition,PSA 10,2026-08-24,3600,USD,Fanatics Collect,auction,FALSE,,46459605,,https://www.fanaticscollect.com/weekly/365338fc-92e8-11f1-a47d-0aceb91ca735,PSA APR
Neo Genesis,Metal Energy,19/111,1st Edition,PSA 10,2026-07-27,3840,USD,Fanatics Collect,auction,FALSE,,25127860,,https://www.fanaticscollect.com/weekly/2e8c449e-815c-11f1-96f5-0a58a9feac02,PSA APR
Neo Genesis,Metal Energy,19/111,1st Edition,PSA 10,2026-02-16,3720,USD,Fanatics Collect,auction,FALSE,,41076345,,https://www.fanaticscollect.com/weekly/85da24c0-018a-11f1-a367-0692c603f321,PSA APR
Neo Genesis,Lugia,9/111,Unlimited,PSA 10,2026-09-14,180000,USD,Fanatics Collect,auction,FALSE,,63571961,,https://www.fanaticscollect.com/weekly/efad7c2a-abc2-11f1-8a2e-06d19b0b9c59,PSA APR
Neo Genesis,Azumarill,2/111,Unlimited,PSA 10,2026-09-14,4200,USD,Fanatics Collect,auction,FALSE,,67430677,,https://www.fanaticscollect.com/weekly/1736f5bc-a44f-11f1-9066-0a58a9feac02,PSA APR
Neo Genesis,Azumarill,2/111,Unlimited,PSA 10,2026-08-03,4320,USD,Fanatics Collect,auction,FALSE,,47680447,,https://www.fanaticscollect.com/weekly/719df58a-8462-11f1-bcdf-0a0f8b986c27,PSA APR
Neo Genesis,Azumarill,2/111,Unlimited,PSA 10,2025-07-21,900,USD,Fanatics Collect,BIN,FALSE,,47680447,,https://www.fanaticscollect.com/fixed/493fac84-4d84-11f0-90ce-0a58a9feac02,PSA APR
Neo Genesis,Skarmory,13/111,Unlimited,PSA 10,2026-09-18,2500,USD,eBay,BIN,FALSE,,82279262,,https://www.ebay.com/itm/287450230642,PSA APR
Neo Genesis,Skarmory,13/111,Unlimited,PSA 10,2026-09-17,2500,USD,eBay,BIN,FALSE,,72058019,,https://www.ebay.com/itm/287479728739,PSA APR
Neo Genesis,Skarmory,13/111,Unlimited,PSA 10,2026-09-17,2999.99,USD,eBay,BIN,FALSE,,42335240,,https://www.ebay.com/itm/307155761726,PSA APR
Neo Genesis,Skarmory,13/111,Unlimited,PSA 10,2026-06-01,1600,USD,eBay,BIN,FALSE,,72058019,,https://www.ebay.com/itm/327188160046,PSA APR
Neo Genesis,Kingdra,8/111,Unlimited,PSA 10,2026-09-28,3999.99,USD,eBay,BIN,FALSE,,41487504,,https://www.ebay.com/itm/298633346886,PSA APR
Neo Genesis,Kingdra,8/111,Unlimited,PSA 10,2026-09-03,1600,USD,Fanatics Collect,best offer,TRUE,,27697854,,https://www.fanaticscollect.com/buy-now/502853fe-aaee-4d21-ad47-e816051d2de2,PSA APR
Neo Genesis,Kingdra,8/111,Unlimited,PSA 10,2026-03-30,1560,USD,Fanatics Collect,auction,FALSE,,61944628,,https://www.fanaticscollect.com/weekly/9f44fe0a-278f-11f1-8423-0a58a9feac02,PSA APR
Neo Genesis,Kingdra,8/111,Unlimited,PSA 10,2025-10-12,384.69,USD,eBay,auction,FALSE,,61944628,,https://www.ebay.com/itm/136536070638,PSA APR
Neo Genesis,Kingdra,8/111,Unlimited,PSA 10,2025-09-08,450,USD,eBay,best offer,TRUE,,88907193,,https://www.ebay.com/itm/396979027567,PSA APR
Neo Genesis,Kingdra,8/111,Unlimited,PSA 10,2025-09-07,675,USD,Fanatics Collect,BIN,FALSE,,44454401,,https://www.fanaticscollect.com/fixed/9afe94ca-8b9d-11f0-8b13-0612914d4255,PSA APR
Neo Genesis,Kingdra,8/111,Unlimited,PSA 10,2025-04-04,279.99,USD,eBay,BIN,FALSE,,108194344,,https://www.ebay.com/itm/236032049996,PSA APR
Neo Genesis,Kingdra,8/111,Unlimited,PSA 10,2025-03-07,500,USD,Fanatics Collect,BIN,FALSE,,67165338,,https://www.fanaticscollect.com/fixed/05799b6a-eb0d-11ef-91df-0a58a9feac02,PSA APR
Neo Genesis,Togetic,16/111,Unlimited,PSA 10,2026-09-23,4999.99,USD,eBay,BIN,FALSE,,41487531,,https://www.ebay.com/itm/307157156669,PSA APR
Neo Genesis,Togetic,16/111,Unlimited,PSA 10,2026-07-27,2880,USD,Fanatics Collect,auction,FALSE,,27330753,,https://www.fanaticscollect.com/weekly/eb324730-800b-11f1-b9b2-0a58a9feac02,PSA APR
Neo Genesis,Togetic,16/111,Unlimited,PSA 10,2026-04-20,2190,USD,Fanatics Collect,auction,FALSE,,49356688,,https://www.fanaticscollect.com/weekly/dc29a30e-33b3-11f1-8afa-0a58a9feac02,PSA APR
Neo Genesis,Togetic,16/111,Unlimited,PSA 10,2026-04-06,2318,USD,Goldin Auctions,auction,FALSE,,74661203,,https://goldin.co/item/2000-pokemon-neo-genesis-holo-16-togetic-psa-gem-mt-10xr1h2,PSA APR
Neo Genesis,Togetic,16/111,Unlimited,PSA 10,2025-07-23,649.99,USD,eBay,BIN,FALSE,,75287067,,https://www.ebay.com/itm/187223050650,PSA APR
Neo Genesis,Togetic,16/111,Unlimited,PSA 10,2025-03-13,480,USD,eBay,BIN,FALSE,,102338971,,https://www.ebay.com/itm/187031424054,PSA APR
Neo Genesis,Metal Energy,19/111,Unlimited,PSA 10,2026-09-17,1631.69,USD,eBay,auction,FALSE,,43448360,,https://www.ebay.com/itm/800638324051,PSA APR
Neo Genesis,Feraligatr,4/111,Unlimited,PSA 10,2026-09-23,6999.99,USD,eBay,BIN,FALSE,,43565173,,https://www.ebay.com/itm/307157290956,PSA APR
Neo Genesis,Feraligatr,4/111,Unlimited,PSA 10,2026-09-14,3720,USD,Fanatics Collect,auction,FALSE,,130907786,,https://www.fanaticscollect.com/weekly/682d6362-a89a-11f1-b0cd-06d19b0b9c59,PSA APR
Neo Genesis,Feraligatr,4/111,Unlimited,PSA 10,2026-09-06,2700,USD,eBay,auction,FALSE,,79952983,,https://www.ebay.com/itm/267770936124,PSA APR
Neo Genesis,Feraligatr,4/111,Unlimited,PSA 10,2026-04-08,2900,USD,eBay,auction,FALSE,,41140970,,https://www.ebay.com/itm/306855818446,PSA APR
Neo Genesis,Meganium,11/111,Unlimited,PSA 10,2026-09-14,3720,USD,Fanatics Collect,auction,FALSE,,130907787,,https://www.fanaticscollect.com/weekly/67fa2d94-a89a-11f1-963d-06d19b0b9c59,PSA APR
Neo Genesis,Meganium,11/111,Unlimited,PSA 10,2026-02-19,3200,USD,eBay,BIN,FALSE,,42344687,,https://www.ebay.com/itm/227213216559,PSA APR
